245 0.01253
121 0.01210
21 0.01001
31 0.00421
1040 0.00371
80 0.00334
452 0.00294
392 0.00285
561 0.00260
8 0.00233
884 0.00221
100 0.00216
169 0.00214
72 0.00210
202 0.00196
157 0.00192
942 0.00192
997 0.00192
645 0.00184
321 0.00168
27 0.00165
1200 0.00161
247 0.00156
81 0.00151
1158 0.00149
490 0.00149
179 0.00148
145 0.00148
16 0.00145
484 0.00145
26 0.00142
2883 0.00141
708 0.00140
1403 0.00139
3870 0.00134
857 0.00130
1043 0.00127
242 0.00127
337 0.00125
154 0.00122
946 0.00121
152 0.00121
559 0.00120
20 0.00120
947 0.00119
1153 0.00119
1755 0.00119
1365 0.00118
3120 0.00115
132 0.00113
125 0.00113
437 0.00112
1370 0.00110
15492 0.00105
1202 0.00103
320 0.00102
1203 0.00100
271 0.00100
122 0.00099
246 0.00097
2100 0.00097
3382 0.00096
1201 0.00094
389 0.00094
15686 0.00093
69 0.00093
3692 0.00091
713 0.00090
2523 0.00090
1570 0.00088
3087 0.00087
1831 0.00087
36 0.00086
1498 0.00086
218 0.00085
890 0.00085
794 0.00084
5197 0.00084
177 0.00083
945 0.00082
2796 0.00082
644 0.00082
277 0.00082
3749 0.00081
1712 0.00081
2114 0.00081
2824 0.00080
1094 0.00080
808 0.00080
1506 0.00078
523 0.00076
184 0.00076
1455 0.00076
944 0.00076
806 0.00076
1059 0.00075
930 0.00074
1818 0.00072
3783 0.00071
3674 0.00070
6331 0.00070
334 0.00069
1658 0.00069
710 0.00069
82 0.00068
885 0.00067
17845 0.00067
71 0.00067
632 0.00067
1197 0.00067
695 0.00067
63 0.00066
6433 0.00066
2069 0.00065
907 0.00065
4780 0.00064
3495 0.00064
2046 0.00064
181 0.00063
1495 0.00063
903 0.00063
3003 0.00062
1654 0.00062
488 0.00062
634 0.00061
3094 0.00061
13657 0.00061
3512 0.00061
1771 0.00061
2843 0.00061
4684 0.00061
253 0.00060
3638 0.00060
124 0.00060
1825 0.00060
6098 0.00059
649 0.00058
2365 0.00058
1733 0.00058
2359 0.00058
262 0.00057
2084 0.00057
993 0.00057
5309 0.00057
4000 0.00056
3687 0.00056
3158 0.00056
2853 0.00055
1251 0.00055
1442 0.00054
1659 0.00054
1687 0.00054
375 0.00054
929 0.00053
510 0.00053
428 0.00053
126 0.00053
2804 0.00052
1859 0.00052
2767 0.00052
4387 0.00052
536 0.00051
829 0.00051
3700 0.00051
800 0.00051
2235 0.00051
163 0.00051
932 0.00050
104 0.00050
270 0.00049
1664 0.00049
3482 0.00049
2248 0.00049
7378 0.00049
2161 0.00049
3358 0.00049
86 0.00048
1194 0.00048
1195 0.00048
1196 0.00048
1198 0.00048
1199 0.00048
879 0.00048
6660 0.00048
1228 0.00047
2816 0.00047
5284 0.00047
3751 0.00047
2291 0.00047
558 0.00046
37 0.00046
268 0.00046
180 0.00046
3369 0.00046
1828 0.00045
6052 0.00045
701 0.00045
6101 0.00045
1169 0.00045
752 0.00045
859 0.00044
1087 0.00044
1152 0.00044
61 0.00043
102 0.00042
314 0.00042
2990 0.00042
3271 0.00042
68 0.00042
5818 0.00041
23 0.00041
746 0.00041
496 0.00041
788 0.00041
6310 0.00041
778 0.00041
3406 0.00040
3808 0.00040
877 0.00040
1374 0.00040
2352 0.00040
139 0.00040
864 0.00040
119 0.00040
3092 0.00040
878 0.00039
6277 0.00039
1627 0.00039
1404 0.00039
340 0.00039
1453 0.00039
882 0.00039
1840 0.00039
2060 0.00038
1869 0.00038
3391 0.00038
3145 0.00038
1417 0.00038
2148 0.00038
305 0.00038
129 0.00038
105 0.00038
667 0.00038
876 0.00038
4713 0.00038
721 0.00038
7553 0.00037
3539 0.00037
8391 0.00037
3635 0.00037
921 0.00037
182 0.00037
1877 0.00036
10235 0.00036
5122 0.00036
874 0.00036
10938 0.00036
823 0.00036
872 0.00036
13222 0.00036
724 0.00036
3383 0.00036
1071 0.00036
3376 0.00036
1556 0.00036
4120 0.00036
1851 0.00036
3068 0.00036
643 0.00036
4427 0.00036
93 0.00035
2562 0.00035
8267 0.00035
7968 0.00035
155 0.00035
880 0.00035
529 0.00035
875 0.00035
5691 0.00035
512 0.00035
10024 0.00035
170 0.00035
819 0.00034
1758 0.00034
3191 0.00034
5936 0.00034
1451 0.00034
275 0.00034
193 0.00034
110 0.00034
7334 0.00034
7698 0.00034
3028 0.00034
6245 0.00034
3063 0.00033
2017 0.00033
6177 0.00033
537 0.00033
3655 0.00033
2813 0.00033
9010 0.00033
554 0.00033
1058 0.00033
971 0.00033
8108 0.00033
1902 0.00033
2627 0.00033
6837 0.00033
343 0.00033
2949 0.00033
5821 0.00032
669 0.00032
11121 0.00032
1102 0.00032
15486 0.00032
671 0.00032
8015 0.00032
733 0.00032
716 0.00032
7065 0.00032
589 0.00032
924 0.00032
519 0.00032
3619 0.00031
531 0.00031
8832 0.00031
1849 0.00031
5447 0.00031
6780 0.00031
792 0.00031
2826 0.00031
5319 0.00031
1181 0.00031
6927 0.00031
8838 0.00031
1380 0.00031
2891 0.00031
967 0.00031
50 0.00031
6191 0.00031
6670 0.00031
3696 0.00031
4069 0.00030
3707 0.00030
1544 0.00030
763 0.00030
535 0.00030
56 0.00030
131 0.00030
3144 0.00030
278 0.00030
436 0.00030
1180 0.00030
899 0.00030
5844 0.00030
5412 0.00030
260 0.00030
174 0.00030
2835 0.00030
837 0.00030
3198 0.00030
9673 0.00030
1328 0.00030
11593 0.00030
11951 0.00030
8438 0.00030
1407 0.00030
8258 0.00029
4622 0.00029
2079 0.00029
509 0.00029
517 0.00029
3394 0.00029
7894 0.00029
5591 0.00029
2033 0.00029
717 0.00029
7175 0.00029
1588 0.00029
2199 0.00029
8064 0.00029
2771 0.00029
4569 0.00029
142 0.00029
41 0.00029
1509 0.00029
8518 0.00029
683 0.00029
1235 0.00029
5227 0.00029
597 0.00029
3427 0.00029
720 0.00029
6969 0.00029
2090 0.00028
1439 0.00028
4715 0.00028
120 0.00028
6652 0.00028
22 0.00028
8857 0.00028
11958 0.00028
7578 0.00028
6657 0.00028
3340 0.00028
682 0.00028
2984 0.00028
6928 0.00028
527 0.00028
3476 0.00028
5619 0.00028
534 0.00028
1165 0.00028
10216 0.00028
8207 0.00028
715 0.00028
14160 0.00028
19520 0.00027
8343 0.00027
16118 0.00027
4703 0.00027
4683 0.00027
107 0.00027
13220 0.00027
4565 0.00027
19521 0.00027
1004 0.00027
5446 0.00027
11120 0.00027
5474 0.00027
1657 0.00027
6175 0.00027
722 0.00027
1244 0.00027
660 0.00027
3118 0.00027
2098 0.00027
335 0.00027
2118 0.00026
9559 0.00026
966 0.00026
2221 0.00026
3189 0.00026
979 0.00026
1491 0.00026
4222 0.00026
11123 0.00026
657 0.00026
648 0.00026
2690 0.00026
8819 0.00026
575 0.00026
13263 0.00026
2994 0.00026
2815 0.00026
3621 0.00026
595 0.00026
1295 0.00026
3730 0.00026
912 0.00026
3022 0.00026
7854 0.00026
532 0.00026
3310 0.00026
8520 0.00025
2171 0.00025
1960 0.00025
2096 0.00025
719 0.00025
770 0.00025
4867 0.00025
66 0.00025
2013 0.00025
965 0.00025
1003 0.00025
1093 0.00025
718 0.00025
3001 0.00025
5408 0.00025
530 0.00025
5398 0.00025
4220 0.00025
8743 0.00025
106 0.00025
5504 0.00025
2276 0.00025
1972 0.00025
4938 0.00025
1841 0.00025
1656 0.00025
6288 0.00025
425 0.00025
150 0.00025
6453 0.00024
915 0.00024
1897 0.00024
7822 0.00024
3175 0.00024
3625 0.00024
642 0.00024
887 0.00024
2570 0.00024
2742 0.00024
615 0.00024
5794 0.00024
4728 0.00024
3176 0.00024
5978 0.00024
681 0.00024
578 0.00024
765 0.00024
1067 0.00024
574 0.00024
5103 0.00024
5679 0.00024
3843 0.00024
659 0.00024
4280 0.00024
1126 0.00024
999 0.00024
2897 0.00024
759 0.00024
195 0.00024
4458 0.00024
5553 0.00024
3398 0.00023
768 0.00023
723 0.00023
491 0.00023
192 0.00023
608 0.00023
3847 0.00023
588 0.00023
4279 0.00023
513 0.00023
111 0.00023
1226 0.00023
1192 0.00023
427 0.00023
563 0.00023
89 0.00023
741 0.00023
6797 0.00023
700 0.00023
329 0.00023
2726 0.00023
1705 0.00023
13403 0.00023
6645 0.00023
606 0.00023
1710 0.00023
5151 0.00023
7662 0.00023
6040 0.00023
4054 0.00023
585 0.00023
664 0.00023
3903 0.00023
2091 0.00023
420 0.00023
511 0.00023
2035 0.00023
1594 0.00023
4462 0.00023
662 0.00023
651 0.00023
661 0.00023
4193 0.00023
678 0.00023
1092 0.00023
702 0.00023
200 0.00023
1708 0.00023
515 0.00023
4252 0.00023
623 0.00023
7762 0.00022
339 0.00022
609 0.00022
514 0.00022
2769 0.00022
5610 0.00022
4927 0.00022
426 0.00022
5119 0.00022
533 0.00022
8156 0.00022
665 0.00022
925 0.00022
941 0.00022
687 0.00022
1625 0.00022
6906 0.00022
4750 0.00022
684 0.00022
1857 0.00022
3425 0.00022
8790 0.00022
801 0.00022
9391 0.00022
2208 0.00022
4516 0.00022
897 0.00022
696 0.00022
2862 0.00022
99 0.00022
1330 0.00022
4726 0.00022
3546 0.00022
6435 0.00022
685 0.00022
1209 0.00022
2792 0.00022
689 0.00022
161 0.00022
612 0.00022
3033 0.00022
516 0.00022
581 0.00022
1239 0.00022
985 0.00022
4009 0.00022
2181 0.00021
1060 0.00021
4373 0.00021
582 0.00021
422 0.00021
580 0.00021
83 0.00021
583 0.00021
1741 0.00021
2089 0.00021
690 0.00021
1371 0.00021
6246 0.00021
13853 0.00021
4847 0.00021
5007 0.00021
4001 0.00021
5454 0.00021
753 0.00021
607 0.00021
2028 0.00021
1997 0.00021
647 0.00021
3969 0.00021
3214 0.00021
686 0.00021
1753 0.00021
1853 0.00021
429 0.00021
4527 0.00021
3913 0.00021
1626 0.00021
3052 0.00021
2206 0.00021
419 0.00021
3701 0.00021
173 0.00021
603 0.00021
16512 0.00021
3270 0.00021
6451 0.00021
868 0.00021
1000 0.00021
1240 0.00021
1682 0.00021
834 0.00021
6632 0.00021
17678 0.00021
3356 0.00021
16958 0.00021
975 0.00021
916 0.00021
1586 0.00021
103 0.00021
996 0.00021
3702 0.00021
4405 0.00021
688 0.00021
613 0.00021
178 0.00021
855 0.00021
5101 0.00021
3563 0.00020
1797 0.00020
4426 0.00020
1589 0.00020
259 0.00020
1583 0.00020
1467 0.00020
5476 0.00020
8870 0.00020
13 0.00020
423 0.00020
2034 0.00020
633 0.00020
1661 0.00020
1061 0.00020
579 0.00020
2193 0.00020
567 0.00020
2764 0.00020
766 0.00020
3375 0.00020
1837 0.00020
610 0.00020
2168 0.00020
3620 0.00020
3554 0.00020
5719 0.00020
2520 0.00020
2191 0.00020
2996 0.00020
13295 0.00020
8371 0.00020
8882 0.00020
2159 0.00020
629 0.00020
2036 0.00020
424 0.00020
2955 0.00020
5461 0.00020
584 0.00020
3405 0.00020
2514 0.00020
2466 0.00020
1759 0.00020
10991 0.00020
3426 0.00020
10453 0.00020
10454 0.00020
1571 0.00020
3965 0.00020
7107 0.00020
2968 0.00020
6955 0.00020
577 0.00020
1740 0.00020
1471 0.00020
931 0.00020
3004 0.00020
3220 0.00020
52 0.00020
2211 0.00020
2825 0.00020
438 0.00020
7467 0.00019
3910 0.00019
666 0.00019
6295 0.00019
4130 0.00019
2178 0.00019
372 0.00019
6707 0.00019
8130 0.00019
17679 0.00019
1472 0.00019
3105 0.00019
2989 0.00019
767 0.00019
3207 0.00019
1742 0.00019
409 0.00019
1096 0.00019
6240 0.00019
3415 0.00019
3906 0.00019
2987 0.00019
4752 0.00019
6548 0.00019
23003 0.00019
1023 0.00019
11645 0.00019
8859 0.00019
342 0.00019
128 0.00019
4299 0.00019
6282 0.00019
956 0.00019
3647 0.00019
6269 0.00019
197 0.00019
4755 0.00019
274 0.00019
12712 0.00019
4226 0.00019
1064 0.00019
2993 0.00019
605 0.00019
5270 0.00019
1186 0.00019
4106 0.00019
4207 0.00019
6483 0.00019
1677 0.00019
4403 0.00019
2800 0.00019
1212 0.00019
2003 0.00019
405 0.00019
1492 0.00019
3533 0.00019
2991 0.00019
764 0.00019
10625 0.00019
4657 0.00019
3925 0.00019
3821 0.00019
1485 0.00019
663 0.00019
5249 0.00019
3540 0.00019
8196 0.00019
3396 0.00019
867 0.00019
3075 0.00019
1135 0.00019
4828 0.00019
4101 0.00019
2296 0.00018
2995 0.00018
15 0.00018
1331 0.00018
3706 0.00018
9867 0.00018
6139 0.00018
6124 0.00018
1996 0.00018
6566 0.00018
551 0.00018
4760 0.00018
1479 0.00018
2985 0.00018
2982 0.00018
2986 0.00018
2992 0.00018
2998 0.00018
2999 0.00018
3005 0.00018
4095 0.00018
2983 0.00018
2997 0.00018
3000 0.00018
3002 0.00018
4409 0.00018
1224 0.00018
70 0.00018
3603 0.00018
1473 0.00018
5696 0.00018
4180 0.00018
4566 0.00018
866 0.00018
214 0.00018
6020 0.00018
3059 0.00018
2730 0.00018
3116 0.00018
15254 0.00018
7825 0.00018
1366 0.00018
957 0.00018
292 0.00018
769 0.00018
1773 0.00018
958 0.00018
6301 0.00018
873 0.00018
6216 0.00018
981 0.00018
5988 0.00018
3850 0.00018
1303 0.00018
15300 0.00018
1437 0.00018
5131 0.00018
5705 0.00018
2213 0.00018
637 0.00018
9639 0.00018
604 0.00018
7489 0.00018
4399 0.00018
2272 0.00018
6960 0.00018
7216 0.00018
5971 0.00018
6363 0.00018
12733 0.00018
626 0.00017
1413 0.00017
1100 0.00017
6568 0.00017
951 0.00017
54 0.00017
67 0.00017
5524 0.00017
1729 0.00017
8288 0.00017
598 0.00017
9023 0.00017
2889 0.00017
60 0.00017
1609 0.00017
3738 0.00017
1584 0.00017
1258 0.00017
7874 0.00017
4816 0.00017
1017 0.00017
6128 0.00017
12680 0.00017
1191 0.00017
1458 0.00017
1053 0.00017
6096 0.00017
902 0.00017
3392 0.00017
1082 0.00017
576 0.00017
165 0.00017
6150 0.00017
20249 0.00017
442 0.00017
1460 0.00017
5919 0.00017
707 0.00017
1137 0.00017
2954 0.00017
194 0.00017
1302 0.00017
2463 0.00017
777 0.00017
3516 0.00017
9093 0.00017
5862 0.00017
2160 0.00017
1215 0.00017
989 0.00017
2228 0.00017
8816 0.00017
627 0.00017
117 0.00017
4213 0.00017
446 0.00017
3319 0.00017
1266 0.00017
636 0.00017
8461 0.00017
5727 0.00017
136 0.00017
674 0.00017
652 0.00017
345 0.00017
1886 0.00017
8226 0.00017
1225 0.00017
1772 0.00017
79 0.00017
1097 0.00017
2373 0.00016
113 0.00016
7954 0.00016
53 0.00016
697 0.00016
538 0.00016
544 0.00016
14 0.00016
1476 0.00016
5917 0.00016
736 0.00016
1039 0.00016
6079 0.00016
1255 0.00016
771 0.00016
2965 0.00016
6534 0.00016
5163 0.00016
2202 0.00016
2157 0.00016
5894 0.00016
6206 0.00016
2259 0.00016
9648 0.00016
3195 0.00016
6639 0.00016
625 0.00016
167 0.00016
1021 0.00016
412 0.00016
4553 0.00016
8846 0.00016
8961 0.00016
4208 0.00016
6731 0.00016
5436 0.00016
1978 0.00016
5789 0.00016
628 0.00016
962 0.00016
4351 0.00016
7753 0.00016
18 0.00016
6669 0.00016
8881 0.00016
9056 0.00016
7536 0.00016
6467 0.00016
1612 0.00016
4572 0.00016
88 0.00016
854 0.00016
2297 0.00016
1833 0.00016
7686 0.00016
4182 0.00016
2214 0.00016
7202 0.00016
8256 0.00016
1287 0.00016
1034 0.00016
631 0.00016
3494 0.00016
7376 0.00016
407 0.00015
2133 0.00015
4567 0.00015
1263 0.00015
3418 0.00015
4590 0.00015
7166 0.00015
2059 0.00015
3478 0.00015
2249 0.00015
5212 0.00015
5467 0.00015
2188 0.00015
5102 0.00015
4587 0.00015
928 0.00015
3208 0.00015
7297 0.00015
1084 0.00015
10883 0.00015
640 0.00015
6463 0.00015
1182 0.00015
445 0.00015
5893 0.00015
8435 0.00015
781 0.00015
2284 0.00015
998 0.00015
6994 0.00015
2564 0.00015
9334 0.00015
5563 0.00015
1218 0.00015
7965 0.00015
44 0.00015
14420 0.00015
1089 0.00015
8269 0.00015
2952 0.00015
415 0.00015
1867 0.00015
2724 0.00015
162 0.00015
562 0.00015
2812 0.00015
3110 0.00015
6048 0.00015
6133 0.00015
4390 0.00015
6333 0.00015
4764 0.00015
6316 0.00015
2123 0.00015
1456 0.00015
1167 0.00015
443 0.00015
2566 0.00015
6192 0.00015
1107 0.00015
2851 0.00015
448 0.00015
440 0.00015
3076 0.00015
672 0.00015
458 0.00015
622 0.00015
3273 0.00015
8135 0.00015
974 0.00015
2223 0.00015
1125 0.00015
432 0.00015
6899 0.00015
3359 0.00015
6721 0.00015
8048 0.00015
2204 0.00015
2308 0.00015
5460 0.00015
9025 0.00015
5583 0.00014
1293 0.00014
1300 0.00014
3758 0.00014
462 0.00014
1768 0.00014
5824 0.00014
11438 0.00014
4711 0.00014
5323 0.00014
4772 0.00014
12710 0.00014
4273 0.00014
3450 0.00014
1812 0.00014
9499 0.00014
6528 0.00014
10211 0.00014
1440 0.00014
1108 0.00014
1088 0.00014
738 0.00014
1674 0.00014
5329 0.00014
2477 0.00014
5314 0.00014
2568 0.00014
410 0.00014
413 0.00014
2102 0.00014
943 0.00014
1183 0.00014
10332 0.00014
2230 0.00014
3322 0.00014
414 0.00014
6702 0.00014
2295 0.00014
284 0.00014
4068 0.00014
3015 0.00014
3726 0.00014
2180 0.00014
2663 0.00014
441 0.00014
411 0.00014
964 0.00014
2198 0.00014
13355 0.00014
630 0.00014
2643 0.00014
7478 0.00014
58 0.00014
9786 0.00014
189 0.00014
2190 0.00014
1332 0.00014
479 0.00014
406 0.00014
2543 0.00014
364 0.00014
8635 0.00014
341 0.00014
6904 0.00014
9190 0.00014
4121 0.00014
3523 0.00014
8120 0.00014
2030 0.00014
289 0.00014
473 0.00014
703 0.00014
444 0.00014
447 0.00014
449 0.00014
2436 0.00014
3558 0.00014
2342 0.00014
1227 0.00014
560 0.00014
5969 0.00014
1573 0.00014
2666 0.00014
1735 0.00014
7932 0.00014
34 0.00014
481 0.00014
6699 0.00014
7590 0.00014
592 0.00014
1110 0.00014
842 0.00014
9051 0.00014
3660 0.00014
2065 0.00014
1296 0.00014
4879 0.00014
1698 0.00014
476 0.00014
8102 0.00014
2818 0.00014
5903 0.00014
9883 0.00014
920 0.00014
2111 0.00014
1765 0.00014
6339 0.00014
408 0.00014
14983 0.00013
4592 0.00013
11810 0.00013
1022 0.00013
10396 0.00013
6824 0.00013
363 0.00013
298 0.00013
2247 0.00013
812 0.00013
6701 0.00013
7438 0.00013
2240 0.00013
2281 0.00013
587 0.00013
5138 0.00013
6624 0.00013
6623 0.00013
1461 0.00013
8067 0.00013
4813 0.00013
2271 0.00013
815 0.00013
6261 0.00013
455 0.00013
4190 0.00013
90 0.00013
6572 0.00013
2753 0.00013
818 0.00013
2120 0.00013
6293 0.00013
2969 0.00013
1289 0.00013
10185 0.00013
134 0.00013
461 0.00013
2377 0.00013
11300 0.00013
3040 0.00013
1116 0.00013
2347 0.00013
183 0.00013
599 0.00013
2162 0.00013
352 0.00013
4138 0.00013
465 0.00013
3737 0.00013
6531 0.00013
133 0.00013
205 0.00013
3856 0.00013
457 0.00013
3836 0.00013
7040 0.00013
2924 0.00013
1554 0.00013
2326 0.00013
2220 0.00013
10172 0.00013
2156 0.00013
2215 0.00013
2232 0.00013
2243 0.00013
2177 0.00013
8181 0.00013
5927 0.00013
474 0.00013
3389 0.00013
2231 0.00013
3524 0.00013
460 0.00013
1290 0.00013
5308 0.00013
3209 0.00013
17041 0.00013
47 0.00013
10184 0.00013
1715 0.00013
463 0.00013
1653 0.00013
8297 0.00013
570 0.00013
9414 0.00013
2554 0.00013
5335 0.00013
15148 0.00013
2416 0.00013
1878 0.00013
1966 0.00013
2043 0.00013
848 0.00013
7486 0.00013
1429 0.00013
2185 0.00013
3601 0.00013
1105 0.00013
9150 0.00013
9788 0.00013
3550 0.00013
464 0.00013
459 0.00013
6996 0.00013
7810 0.00013
3020 0.00013
9435 0.00013
1827 0.00013
1552 0.00013
6918 0.00013
1232 0.00013
2412 0.00013
3457 0.00013
917 0.00013
9127 0.00013
12099 0.00013
2836 0.00013
9009 0.00013
3712 0.00013
7772 0.00013
568 0.00013
5318 0.00013
3477 0.00013
4704 0.00013
3079 0.00013
11421 0.00013
2811 0.00013
10314 0.00013
1311 0.00013
3552 0.00013
828 0.00013
2189 0.00013
471 0.00013
1652 0.00012
6275 0.00012
11394 0.00012
4052 0.00012
1745 0.00012
3697 0.00012
2506 0.00012
475 0.00012
357 0.00012
5981 0.00012
2899 0.00012
14515 0.00012
8129 0.00012
8071 0.00012
6141 0.00012
336 0.00012
14421 0.00012
6965 0.00012
3865 0.00012
10774 0.00012
16715 0.00012
1141 0.00012
477 0.00012
5337 0.00012
1368 0.00012
4425 0.00012
3055 0.00012
2658 0.00012
301 0.00012
8935 0.00012
10425 0.00012
2871 0.00012
118 0.00012
8527 0.00012
7661 0.00012
191 0.00012
3867 0.00012
3725 0.00012
596 0.00012
7271 0.00012
2027 0.00012
1591 0.00012
5657 0.00012
2441 0.00012
7322 0.00012
8883 0.00012
10517 0.00012
2001 0.00012
1206 0.00012
2174 0.00012
3069 0.00012
1213 0.00012
15971 0.00012
2261 0.00012
8257 0.00012
4315 0.00012
2294 0.00012
9062 0.00012
2648 0.00012
10324 0.00012
14676 0.00012
6905 0.00012
10640 0.00012
2957 0.00012
4401 0.00012
6601 0.00012
9642 0.00012
12776 0.00012
2553 0.00012
7492 0.00012
1048 0.00012
3994 0.00012
417 0.00012
5039 0.00012
3785 0.00012
7462 0.00012
698 0.00012
75 0.00012
10257 0.00012
13417 0.00012
6268 0.00012
3529 0.00012
2975 0.00012
14945 0.00012
166 0.00012
1210 0.00012
11992 0.00012
1769 0.00012
3795 0.00012
6160 0.00012
1055 0.00012
116 0.00012
814 0.00012
8078 0.00012
6000 0.00012
840 0.00012
9235 0.00012
7752 0.00012
1723 0.00012
3193 0.00012
16909 0.00012
1483 0.00012
6296 0.00012
1279 0.00012
19276 0.00012
1249 0.00012
7147 0.00012
16412 0.00012
15044 0.00012
4461 0.00012
7549 0.00012
9136 0.00012
5113 0.00012
1315 0.00012
84 0.00012
7794 0.00012
7593 0.00012
6270 0.00012
6179 0.00012
2802 0.00012
5642 0.00012
1428 0.00012
5053 0.00012
17140 0.00012
478 0.00012
480 0.00012
13007 0.00012
5178 0.00012
992 0.00012
600 0.00012
7200 0.00012
6292 0.00012
2321 0.00012
2212 0.00012
2165 0.00012
1286 0.00012
9196 0.00012
8868 0.00012
1898 0.00011
10176 0.00011
13138 0.00011
748 0.00011
4819 0.00011
5084 0.00011
1888 0.00011
2203 0.00011
4304 0.00011
7893 0.00011
8840 0.00011
5514 0.00011
2252 0.00011
1308 0.00011
7491 0.00011
953 0.00011
1792 0.00011
5570 0.00011
4388 0.00011
18357 0.00011
7168 0.00011
1541 0.00011
3998 0.00011
2175 0.00011
1443 0.00011
18309 0.00011
3909 0.00011
9008 0.00011
5299 0.00011
2844 0.00011
6546 0.00011
1497 0.00011
10785 0.00011
2266 0.00011
4118 0.00011
7497 0.00011
11644 0.00011
4424 0.00011
2224 0.00011
1133 0.00011
17361 0.00011
1893 0.00011
10546 0.00011
6902 0.00011
5585 0.00011
355 0.00011
1832 0.00011
2972 0.00011
8648 0.00011
7089 0.00011
1686 0.00011
9925 0.00011
1744 0.00011
8138 0.00011
313 0.00011
3387 0.00011
7227 0.00011
8985 0.00011
2650 0.00011
8850 0.00011
4092 0.00011
835 0.00011
1565 0.00011
7845 0.00011
1128 0.00011
2946 0.00011
5209 0.00011
9295 0.00011
2641 0.00011
6792 0.00011
919 0.00011
3511 0.00011
10260 0.00011
8673 0.00011
500 0.00011
621 0.00011
1037 0.00011
1826 0.00011
11649 0.00011
5817 0.00011
2892 0.00011
1338 0.00011
12916 0.00011
10535 0.00011
9483 0.00011
5477 0.00011
2277 0.00011
2073 0.00011
8768 0.00011
3752 0.00011
6831 0.00011
15564 0.00011
317 0.00011
679 0.00011
6776 0.00011
1188 0.00011
1789 0.00011
6842 0.00011
13879 0.00011
2659 0.00011
1576 0.00011
3506 0.00011
1700 0.00011
557 0.00011
1780 0.00011
14009 0.00011
15495 0.00011
6704 0.00011
2113 0.00011
9328 0.00011
9947 0.00011
187 0.00011
8151 0.00011
5851 0.00011
5022 0.00011
6254 0.00011
3188 0.00011
3354 0.00011
2640 0.00011
8810 0.00011
1582 0.00011
1259 0.00011
6231 0.00011
1848 0.00011
9597 0.00011
7366 0.00011
3323 0.00011
4754 0.00011
1265 0.00011
4658 0.00011
16923 0.00011
4136 0.00011
886 0.00011
7088 0.00011
2032 0.00011
21826 0.00011
21860 0.00011
1036 0.00011
4298 0.00011
3122 0.00011
1736 0.00011
2859 0.00011
1805 0.00011
841 0.00011
2042 0.00011
1117 0.00011
7697 0.00011
7421 0.00011
97 0.00011
4774 0.00011
9769 0.00011
9810 0.00011
5788 0.00011
2119 0.00011
3734 0.00011
1150 0.00011
2009 0.00011
20684 0.00011
3632 0.00011
168 0.00011
9961 0.00011
15179 0.00011
6005 0.00010
7800 0.00010
5149 0.00010
11643 0.00010
6064 0.00010
1704 0.00010
15149 0.00010
8884 0.00010
9240 0.00010
978 0.00010
4827 0.00010
3553 0.00010
8021 0.00010
4414 0.00010
13443 0.00010
7445 0.00010
9616 0.00010
1216 0.00010
1205 0.00010
3677 0.00010
15967 0.00010
6089 0.00010
19598 0.00010
16308 0.00010
16161 0.00010
20497 0.00010
20499 0.00010
7432 0.00010
9501 0.00010
2201 0.00010
8872 0.00010
8873 0.00010
1207 0.00010
1493 0.00010
8888 0.00010
3551 0.00010
2435 0.00010
2309 0.00010
1842 0.00010
9050 0.00010
1562 0.00010
3549 0.00010
9066 0.00010
6732 0.00010
3456 0.00010
2629 0.00010
8889 0.00010
5963 0.00010
2445 0.00010
7035 0.00010
10734 0.00010
3194 0.00010
2945 0.00010
2222 0.00010
6618 0.00010
2322 0.00010
10121 0.00010
13143 0.00010
1679 0.00010
10094 0.00010
4580 0.00010
7052 0.00010
4962 0.00010
2872 0.00010
2037 0.00010
4721 0.00010
3691 0.00010
1103 0.00010
22294 0.00010
3225 0.00010
7671 0.00010
3520 0.00010
4134 0.00010
994 0.00010
4833 0.00010
10344 0.00010
6148 0.00010
1280 0.00010
2427 0.00010
2762 0.00010
8329 0.00010
16922 0.00010
5685 0.00010
1790 0.00010
3174 0.00010
48 0.00010
140 0.00010
11468 0.00010
331 0.00010
1234 0.00010
5239 0.00010
2074 0.00010
2267 0.00010
1824 0.00010
3463 0.00010
2452 0.00010
3723 0.00010
2934 0.00010
13277 0.00010
2286 0.00010
2424 0.00010
8453 0.00010
3791 0.00010
13911 0.00010
10993 0.00010
6846 0.00010
13201 0.00010
1047 0.00010
3640 0.00010
1426 0.00010
5230 0.00010
3816 0.00010
7575 0.00010
7543 0.00010
1728 0.00010
756 0.00010
15669 0.00010
8742 0.00010
12183 0.00010
1006 0.00010
1419 0.00010
1979 0.00010
6260 0.00010
4093 0.00010
1433 0.00010
4593 0.00010
1813 0.00010
2801 0.00010
1184 0.00010
8914 0.00010
6106 0.00010
4805 0.00010
91 0.00010
6567 0.00010
4907 0.00010
1038 0.00010
9598 0.00010
6700 0.00010
5330 0.00010
2866 0.00010
7362 0.00010
9826 0.00010
2426 0.00010
11271 0.00010
10253 0.00010
4410 0.00010
3153 0.00010
7394 0.00010
4099 0.00010
4456 0.00010
4030 0.00010
5551 0.00010
4977 0.00010
7534 0.00010
9798 0.00010
656 0.00010
2651 0.00010
2668 0.00010
3634 0.00010
820 0.00010
986 0.00010
1431 0.00010
1054 0.00010
7742 0.00010
1681 0.00010
6973 0.00010
8020 0.00010
1127 0.00010
8525 0.00010
4499 0.00010
6447 0.00010
1101 0.00010
20677 0.00010
20678 0.00010
2332 0.00010
2645 0.00010
2420 0.00010
9866 0.00010
3064 0.00010
8446 0.00010
6665 0.00010
399 0.00010
9206 0.00010
11657 0.00010
3379 0.00010
10460 0.00010
3373 0.00010
8069 0.00010
5792 0.00010
1794 0.00010
6518 0.00010
2547 0.00010
9126 0.00010
3038 0.00010
1739 0.00010
4116 0.00010
5756 0.00010
2361 0.00010
5641 0.00010
6900 0.00010
739 0.00010
9194 0.00010
6795 0.00010
2345 0.00010
16897 0.00010
2837 0.00010
1743 0.00010
3659 0.00010
14085 0.00010
1737 0.00009
2703 0.00009
3526 0.00009
3047 0.00009
1369 0.00009
7053 0.00009
216 0.00009
8236 0.00009
1111 0.00009
2626 0.00009
727 0.00009
5019 0.00009
11083 0.00009
508 0.00009
1085 0.00009
4287 0.00009
6726 0.00009
10729 0.00009
5438 0.00009
5317 0.00009
3082 0.00009
7350 0.00009
3071 0.00009
1767 0.00009
6710 0.00009
2649 0.00009
4236 0.00009
6730 0.00009
9227 0.00009
12843 0.00009
2906 0.00009
10261 0.00009
11807 0.00009
3081 0.00009
14154 0.00009
11608 0.00009
3409 0.00009
927 0.00009
9539 0.00009
2752 0.00009
566 0.00009
954 0.00009
1414 0.00009
5587 0.00009
2971 0.00009
4594 0.00009
12027 0.00009
10293 0.00009
1257 0.00009
6930 0.00009
8013 0.00009
149 0.00009
694 0.00009
7115 0.00009
3072 0.00009
6134 0.00009
5394 0.00009
13096 0.00009
4153 0.00009
13422 0.00009
6143 0.00009
14508 0.00009
5825 0.00009
5841 0.00009
3866 0.00009
1106 0.00009
7274 0.00009
18293 0.00009
9347 0.00009
13475 0.00009
10187 0.00009
5320 0.00009
5928 0.00009
7544 0.00009
4195 0.00009
4041 0.00009
8779 0.00009
1113 0.00009
4214 0.00009
1284 0.00009
1486 0.00009
2560 0.00009
6125 0.00009
7192 0.00009
950 0.00009
1104 0.00009
11017 0.00009
13095 0.00009
844 0.00009
6646 0.00009
3264 0.00009
9645 0.00009
3143 0.00009
3422 0.00009
9632 0.00009
9803 0.00009
2750 0.00009
8350 0.00009
9497 0.00009
9977 0.00009
2182 0.00009
2250 0.00009
2268 0.00009
4040 0.00009
4039 0.00009
4042 0.00009
8769 0.00009
1051 0.00009
14509 0.00009
14510 0.00009
742 0.00009
1754 0.00009
3384 0.00009
4125 0.00009
2577 0.00009
3661 0.00009
1448 0.00009
8379 0.00009
265 0.00009
1336 0.00009
15482 0.00009
675 0.00009
1558 0.00009
3786 0.00009
8804 0.00009
8177 0.00009
2305 0.00009
6156 0.00009
2317 0.00009
6733 0.00009
10341 0.00009
7660 0.00009
9491 0.00009
6571 0.00009
2662 0.00009
4122 0.00009
3602 0.00009
8563 0.00009
13830 0.00009
3711 0.00009
6667 0.00009
4860 0.00009
9839 0.00009
7395 0.00009
11852 0.00009
9233 0.00009
7499 0.00009
1134 0.00009
7174 0.00009
2244 0.00009
6088 0.00009
3809 0.00009
1701 0.00009
9274 0.00009
2595 0.00009
1632 0.00009
8361 0.00009
7548 0.00009
935 0.00009
114 0.00009
9222 0.00009
2831 0.00009
338 0.00009
16413 0.00009
1320 0.00009
3186 0.00009
6423 0.00009
9827 0.00009
12901 0.00009
4655 0.00009
1187 0.00009
15647 0.00009
1136 0.00009
2855 0.00009
5677 0.00009
4578 0.00009
9857 0.00009
4097 0.00009
4496 0.00009
4501 0.00009
4508 0.00009
4509 0.00009
7069 0.00009
5668 0.00009
4024 0.00009
1955 0.00009
4100 0.00009
7221 0.00009
5493 0.00009
7308 0.00009
8182 0.00009
10183 0.00009
7879 0.00009
9207 0.00009
5383 0.00009
5762 0.00009
7330 0.00009
9186 0.00009
5223 0.00009
5185 0.00009
2964 0.00009
5182 0.00009
10832 0.00009
9640 0.00009
5088 0.00009
6145 0.00009
734 0.00009
7918 0.00009
6565 0.00009
4367 0.00009
4362 0.00009
618 0.00009
822 0.00009
14686 0.00009
6198 0.00009
5213 0.00009
9750 0.00009
1045 0.00009
8121 0.00009
4368 0.00009
4366 0.00009
4369 0.00009
4371 0.00009
4363 0.00009
6340 0.00009
12319 0.00009
1024 0.00009
1056 0.00009
5741 0.00009
3057 0.00009
2736 0.00009
3934 0.00009
5838 0.00009
2183 0.00009
12643 0.00009
10447 0.00009
2227 0.00009
9600 0.00009
2237 0.00009
4301 0.00009
7490 0.00009
7498 0.00009
12713 0.00009
761 0.00009
3467 0.00009
3142 0.00009
5462 0.00009
2360 0.00009
3610 0.00009
3408 0.00009
2977 0.00009
1220 0.00009
6300 0.00009
4693 0.00009
3282 0.00009
1804 0.00009
3864 0.00009
203 0.00009
6863 0.00009
5315 0.00009
3645 0.00009
7669 0.00009
1663 0.00009
2000 0.00009
7701 0.00009
2432 0.00009
10633 0.00009
8866 0.00009
2504 0.00009
24 0.00009
1961 0.00009
4989 0.00009
8885 0.00009
11262 0.00009
4088 0.00009
851 0.00009
1801 0.00009
5846 0.00009
11520 0.00009
1751 0.00009
3018 0.00009
737 0.00009
4265 0.00009
7659 0.00009
5931 0.00008
15584 0.00008
6600 0.00008
3845 0.00008
135 0.00008
1046 0.00008
15682 0.00008
9301 0.00008
9128 0.00008
4464 0.00008
1788 0.00008
160 0.00008
439 0.00008
3041 0.00008
4597 0.00008
7955 0.00008
346 0.00008
2558 0.00008
5579 0.00008
8778 0.00008
3390 0.00008
10434 0.00008
1511 0.00008
1533 0.00008
6884 0.00008
7396 0.00008
307 0.00008
5669 0.00008
1268 0.00008
4588 0.00008
8349 0.00008
1596 0.00008
5720 0.00008
4319 0.00008
1763 0.00008
3099 0.00008
2524 0.00008
6356 0.00008
1124 0.00008
2080 0.00008
2519 0.00008
712 0.00008
12845 0.00008
7506 0.00008
9771 0.00008
7736 0.00008
10879 0.00008
9286 0.00008
3455 0.00008
3484 0.00008
2729 0.00008
960 0.00008
1247 0.00008
7335 0.00008
705 0.00008
9837 0.00008
10336 0.00008
4077 0.00008
4905 0.00008
489 0.00008
2856 0.00008
6946 0.00008
430 0.00008
3604 0.00008
3579 0.00008
896 0.00008
2755 0.00008
846 0.00008
18606 0.00008
4574 0.00008
7030 0.00008
5002 0.00008
4221 0.00008
11562 0.00008
2536 0.00008
1095 0.00008
6251 0.00008
2653 0.00008
3083 0.00008
11584 0.00008
2324 0.00008
14697 0.00008
3021 0.00008
528 0.00008
8738 0.00008
2331 0.00008
12047 0.00008
8970 0.00008
5211 0.00008
1713 0.00008
7943 0.00008
6015 0.00008
3560 0.00008
9335 0.00008
14044 0.00008
1166 0.00008
2245 0.00008
6706 0.00008
9017 0.00008
4500 0.00008
4494 0.00008
11082 0.00008
85 0.00008
252 0.00008
8506 0.00008
1406 0.00008
2615 0.00008
4823 0.00008
5231 0.00008
774 0.00008
4497 0.00008
1984 0.00008
5236 0.00008
351 0.00008
3699 0.00008
3905 0.00008
6723 0.00008
1703 0.00008
2679 0.00008
6932 0.00008
3489 0.00008
1799 0.00008
2186 0.00008
11001 0.00008
59 0.00008
906 0.00008
1809 0.00008
12642 0.00008
888 0.00008
4969 0.00008
670 0.00008
137 0.00008
5051 0.00008
10936 0.00008
13438 0.00008
12223 0.00008
14762 0.00008
8153 0.00008
10680 0.00008
4364 0.00008
2821 0.00008
7834 0.00008
3100 0.00008
2370 0.00008
16471 0.00008
10019 0.00008
4080 0.00008
2338 0.00008
16399 0.00008
6041 0.00008
4291 0.00008
7068 0.00008
2293 0.00008
6379 0.00008
2757 0.00008
726 0.00008
2288 0.00008
469 0.00008
3085 0.00008
8821 0.00008
7947 0.00008
2006 0.00008
14693 0.00008
4853 0.00008
1819 0.00008
4911 0.00008
5597 0.00008
4920 0.00008
10933 0.00008
11000 0.00008
2263 0.00008
74 0.00008
8014 0.00008
2022 0.00008
5943 0.00008
16707 0.00008
16372 0.00008
273 0.00008
1734 0.00008
3184 0.00008
990 0.00008
7182 0.00008
2328 0.00008
2793 0.00008
3251 0.00008
3794 0.00008
7005 0.00008
3858 0.00008
10384 0.00008
7056 0.00008
19624 0.00008
6456 0.00008
8741 0.00008
7469 0.00008
6299 0.00008
5044 0.00008
4491 0.00008
7354 0.00008
5859 0.00008
9856 0.00008
5018 0.00008
2805 0.00008
4064 0.00008
4176 0.00008
6302 0.00008
2141 0.00008
5627 0.00008
706 0.00008
4576 0.00008
12001 0.00008
9152 0.00008
5840 0.00008
14441 0.00008
1252 0.00008
141 0.00008
4444 0.00008
1465 0.00008
4389 0.00008
6537 0.00008
1463 0.00008
4361 0.00008
4365 0.00008
4360 0.00008
4370 0.00008
2770 0.00008
10746 0.00008
6582 0.00008
10996 0.00008
10999 0.00008
4352 0.00008
87 0.00008
7806 0.00008
9933 0.00008
62 0.00008
1277 0.00008
8801 0.00008
7305 0.00008
9024 0.00008
5877 0.00008
11990 0.00008
2665 0.00008
6003 0.00008
10895 0.00008
2192 0.00008
5445 0.00008
13169 0.00008
6226 0.00008
6303 0.00008
5031 0.00008
2083 0.00008
1114 0.00008
10528 0.00008
3261 0.00008
2130 0.00008
8313 0.00008
1189 0.00008
10567 0.00008
988 0.00008
10880 0.00008
8869 0.00008
2444 0.00008
1168 0.00008
9505 0.00008
8939 0.00008
300 0.00008
863 0.00008
2241 0.00008
3759 0.00008
10339 0.00008
5041 0.00008
4965 0.00008
3219 0.00008
4320 0.00008
4318 0.00008
4317 0.00008
5078 0.00008
2686 0.00008
2814 0.00008
5533 0.00008
984 0.00008
3656 0.00008
3010 0.00008
6903 0.00008
1245 0.00008
1041 0.00008
10412 0.00008
4185 0.00008
4936 0.00008
3065 0.00008
2908 0.00008
7207 0.00008
315 0.00008
1761 0.00008
3352 0.00008
845 0.00008
14698 0.00008
2264 0.00008
5313 0.00008
991 0.00008
11443 0.00008
11384 0.00008
3984 0.00008
12754 0.00008
7949 0.00008
4316 0.00008
1845 0.00008
4376 0.00008
11764 0.00008
8363 0.00008
4346 0.00008
2728 0.00008
9039 0.00008
12125 0.00008
16470 0.00008
5353 0.00008
6147 0.00008
8185 0.00008
49 0.00008
987 0.00008
8112 0.00008
10767 0.00008
5503 0.00008
9718 0.00008
1396 0.00008
9163 0.00008
1008 0.00008
2661 0.00008
8713 0.00008
10036 0.00008
2439 0.00008
483 0.00008
8333 0.00008
2721 0.00008
5478 0.00008
11522 0.00008
7797 0.00008
6142 0.00008
4026 0.00008
5878 0.00008
4447 0.00008
4449 0.00008
4453 0.00008
19931 0.00008
2092 0.00008
1990 0.00008
1246 0.00008
6750 0.00007
9321 0.00007
3428 0.00007
1260 0.00007
8676 0.00007
5965 0.00007
693 0.00007
4102 0.00007
14356 0.00007
1538 0.00007
6348 0.00007
5359 0.00007
10189 0.00007
4285 0.00007
1323 0.00007
6815 0.00007
12394 0.00007
1488 0.00007
8241 0.00007
19833 0.00007
3499 0.00007
3600 0.00007
5370 0.00007
2675 0.00007
6854 0.00007
11926 0.00007
7677 0.00007
2893 0.00007
11442 0.00007
499 0.00007
4450 0.00007
4451 0.00007
3201 0.00007
8345 0.00007
19136 0.00007
5365 0.00007
1947 0.00007
1989 0.00007
7592 0.00007
12844 0.00007
2151 0.00007
8759 0.00007
1069 0.00007
7771 0.00007
8367 0.00007
5190 0.00007
2681 0.00007
817 0.00007
15030 0.00007
1563 0.00007
3371 0.00007
6673 0.00007
546 0.00007
309 0.00007
1253 0.00007
10394 0.00007
2353 0.00007
10723 0.00007
2623 0.00007
3585 0.00007
16716 0.00007
7992 0.00007
9171 0.00007
13677 0.00007
12807 0.00007
5267 0.00007
1020 0.00007
8556 0.00007
3822 0.00007
1580 0.00007
9124 0.00007
14357 0.00007
14353 0.00007
14354 0.00007
14355 0.00007
5464 0.00007
7504 0.00007
5819 0.00007
5830 0.00007
13152 0.00007
4964 0.00007
10284 0.00007
6662 0.00007
1592 0.00007
7253 0.00007
13820 0.00007
3566 0.00007
1747 0.00007
14288 0.00007
3605 0.00007
2431 0.00007
1675 0.00007
5160 0.00007
13667 0.00007
5166 0.00007
13420 0.00007
6119 0.00007
8059 0.00007
9160 0.00007
3300 0.00007
6793 0.00007
2873 0.00007
762 0.00007
9164 0.00007
9849 0.00007
3451 0.00007
1375 0.00007
13723 0.00007
2541 0.00007
11115 0.00007
6945 0.00007
10077 0.00007
2461 0.00007
16714 0.00007
2845 0.00007
11679 0.00007
9 0.00007
751 0.00007
9713 0.00007
9166 0.00007
3675 0.00007
2382 0.00007
17592 0.00007
7952 0.00007
2515 0.00007
5918 0.00007
5552 0.00007
10201 0.00007
130 0.00007
3971 0.00007
4862 0.00007
7176 0.00007
15174 0.00007
5355 0.00007
2265 0.00007
7927 0.00007
922 0.00007
12897 0.00007
13410 0.00007
2200 0.00007
7463 0.00007
5132 0.00007
1975 0.00007
19250 0.00007
5419 0.00007
2841 0.00007
3468 0.00007
4452 0.00007
7483 0.00007
6796 0.00007
9351 0.00007
2561 0.00007
1676 0.00007
5513 0.00007
4939 0.00007
13018 0.00007
3583 0.00007
9413 0.00007
4807 0.00007
8073 0.00007
3132 0.00007
2973 0.00007
6754 0.00007
11368 0.00007
6563 0.00007
4596 0.00007
158 0.00007
4841 0.00007
3895 0.00007
1977 0.00007
895 0.00007
6674 0.00007
4076 0.00007
9507 0.00007
14805 0.00007
6085 0.00007
6022 0.00007
11416 0.00007
926 0.00007
3515 0.00007
3407 0.00007
13510 0.00007
16894 0.00007
13434 0.00007
7127 0.00007
4089 0.00007
7433 0.00007
2290 0.00007
10472 0.00007
1685 0.00007
2656 0.00007
10666 0.00007
1931 0.00007
3263 0.00007
2748 0.00007
10759 0.00007
972 0.00007
9174 0.00007
4925 0.00007
4148 0.00007
2644 0.00007
3221 0.00007
8604 0.00007
9197 0.00007
6672 0.00007
7332 0.00007
13695 0.00007
11554 0.00007
6938 0.00007
366 0.00007
3902 0.00007
7838 0.00007
3258 0.00007
1951 0.00007
5277 0.00007
2362 0.00007
4577 0.00007
9858 0.00007
8937 0.00007
5000 0.00007
5896 0.00007
1099 0.00007
8378 0.00007
2903 0.00007
5993 0.00007
10097 0.00007
8266 0.00007
1716 0.00007
9488 0.00007
3443 0.00007
7485 0.00007
7047 0.00007
18130 0.00007
497 0.00007
2389 0.00007
4267 0.00007
12667 0.00007
6366 0.00007
3320 0.00007
691 0.00007
11631 0.00007
6364 0.00007
6178 0.00007
1667 0.00007
5505 0.00007
4571 0.00007
434 0.00007
15653 0.00007
963 0.00007
8026 0.00007
10076 0.00007
5643 0.00007
8608 0.00007
9416 0.00007
5783 0.00007
16423 0.00007
10655 0.00007
1480 0.00007
6146 0.00007
15648 0.00007
3493 0.00007
2910 0.00007
11 0.00007
9395 0.00007
18650 0.00007
9854 0.00007
2548 0.00007
6235 0.00007
8437 0.00007
4031 0.00007
10465 0.00007
1720 0.00007
10894 0.00007
8074 0.00007
4446 0.00007
4454 0.00007
4455 0.00007
4800 0.00007
11819 0.00007
2031 0.00007
10219 0.00007
3896 0.00007
1537 0.00007
2378 0.00007
2307 0.00007
12566 0.00007
6092 0.00007
2449 0.00007
15964 0.00007
10093 0.00007
1559 0.00007
3374 0.00007
2068 0.00007
6031 0.00007
10372 0.00007
6204 0.00007
6656 0.00007
4668 0.00007
431 0.00007
4987 0.00007
821 0.00007
2410 0.00007
6286 0.00007
10608 0.00007
9393 0.00007
3458 0.00007
2576 0.00007
13125 0.00007
16334 0.00007
3571 0.00007
8429 0.00007
5595 0.00007
8526 0.00007
977 0.00007
1839 0.00007
8401 0.00007
433 0.00007
9067 0.00007
3400 0.00007
7819 0.00007
175 0.00007
11252 0.00007
4281 0.00007
17466 0.00007
9700 0.00007
15680 0.00007
6981 0.00007
4257 0.00007
3527 0.00007
12309 0.00007
10762 0.00007
3716 0.00007
4670 0.00007
9754 0.00007
17990 0.00007
772 0.00007
5225 0.00007
12368 0.00007
1655 0.00007
17485 0.00007
4297 0.00007
547 0.00007
10537 0.00007
5932 0.00007
6771 0.00007
1449 0.00007
3542 0.00007
653 0.00007
12851 0.00007
6675 0.00007
668 0.00007
7386 0.00007
4994 0.00007
13050 0.00007
11800 0.00007
5548 0.00007
13812 0.00007
3019 0.00007
3642 0.00007
8505 0.00007
1478 0.00007
7493 0.00007
6638 0.00007
14319 0.00007
1750 0.00007
3089 0.00007
4883 0.00007
1846 0.00007
790 0.00007
9276 0.00007
3438 0.00007
14325 0.00007
2363 0.00007
2176 0.00007
2669 0.00007
2673 0.00007
2706 0.00007
1726 0.00007
5012 0.00007
827 0.00007
4261 0.00007
16618 0.00007
16203 0.00007
3267 0.00007
5808 0.00007
5983 0.00007
754 0.00007
12020 0.00007
1775 0.00007
19066 0.00007
8216 0.00007
2422 0.00007
10206 0.00007
2329 0.00007
5235 0.00007
22682 0.00007
20275 0.00007
19485 0.00007
13397 0.00007
20533 0.00007
5716 0.00007
11161 0.00007
3633 0.00007
3545 0.00007
4727 0.00007
6844 0.00007
3318 0.00007
8115 0.00007
11662 0.00007
10706 0.00007
3599 0.00007
6558 0.00007
5374 0.00007
5107 0.00007
2808 0.00007
4430 0.00007
1015 0.00007
12157 0.00007
6871 0.00007
12089 0.00007
914 0.00007
1678 0.00007
3614 0.00007
2786 0.00007
3778 0.00007
10570 0.00007
1536 0.00007
16424 0.00007
16426 0.00007
5362 0.00007
13623 0.00007
8835 0.00007
3401 0.00007
3440 0.00007
11302 0.00007
21334 0.00007
9695 0.00007
1241 0.00007
11414 0.00007
21864 0.00007
5738 0.00007
1445 0.00007
7071 0.00007
15151 0.00007
1756 0.00007
2565 0.00007
891 0.00007
13754 0.00007
3615 0.00007
12555 0.00007
1423 0.00007
861 0.00007
13968 0.00007
13218 0.00007
7440 0.00007
21365 0.00007
1248 0.00007
3402 0.00007
3364 0.00007
725 0.00007
2700 0.00007
14465 0.00007
3462 0.00007
10165 0.00007
10670 0.00007
4290 0.00007
9762 0.00007
1016 0.00007
3259 0.00007
3260 0.00007
3262 0.00007
3265 0.00007
3266 0.00007
728 0.00007
5970 0.00007
6570 0.00007
4737 0.00007
7326 0.00007
7327 0.00007
6330 0.00007
10562 0.00007
5914 0.00007
6408 0.00007
16140 0.00007
17652 0.00007
5834 0.00007
5479 0.00007
2255 0.00007
4507 0.00007
1607 0.00007
10979 0.00006
3557 0.00006
11566 0.00006
4856 0.00006
13988 0.00006
4289 0.00006
3982 0.00006
2744 0.00006
4173 0.00006
13722 0.00006
10203 0.00006
2603 0.00006
7967 0.00006
4341 0.00006
6929 0.00006
6751 0.00006
8352 0.00006
8353 0.00006
8354 0.00006
2857 0.00006
7434 0.00006
1271 0.00006
12995 0.00006
10232 0.00006
7941 0.00006
959 0.00006
6913 0.00006
2499 0.00006
4581 0.00006
12382 0.00006
186 0.00006
5139 0.00006
19254 0.00006
467 0.00006
16769 0.00006
12069 0.00006
4250 0.00006
870 0.00006
9851 0.00006
2751 0.00006
4747 0.00006
2451 0.00006
12945 0.00006
3441 0.00006
540 0.00006
6121 0.00006
2571 0.00006
10951 0.00006
11654 0.00006
7384 0.00006
6036 0.00006
16462 0.00006
2936 0.00006
21154 0.00006
6190 0.00006
4253 0.00006
6012 0.00006
13960 0.00006
8136 0.00006
5667 0.00006
5425 0.00006
6634 0.00006
9181 0.00006
2354 0.00006
14366 0.00006
12270 0.00006
12006 0.00006
865 0.00006
6149 0.00006
3658 0.00006
8415 0.00006
13508 0.00006
11420 0.00006
9408 0.00006
8017 0.00006
5424 0.00006
11996 0.00006
2867 0.00006
13024 0.00006
6948 0.00006
1864 0.00006
7226 0.00006
1971 0.00006
13419 0.00006
5196 0.00006
918 0.00006
2574 0.00006
7002 0.00006
7577 0.00006
15396 0.00006
1233 0.00006
349 0.00006
7796 0.00006
6273 0.00006
7014 0.00006
1446 0.00006
893 0.00006
7560 0.00006
1974 0.00006
3397 0.00006
7882 0.00006
11100 0.00006
2217 0.00006
3531 0.00006
16222 0.00006
5057 0.00006
2532 0.00006
2437 0.00006
288 0.00006
8714 0.00006
5723 0.00006
18862 0.00006
6014 0.00006
5561 0.00006
5923 0.00006
3056 0.00006
6773 0.00006
1262 0.00006
10281 0.00006
8815 0.00006
2621 0.00006
6648 0.00006
3475 0.00006
3211 0.00006
6461 0.00006
5150 0.00006
5795 0.00006
2950 0.00006
1722 0.00006
12186 0.00006
1597 0.00006
9434 0.00006
11155 0.00006
8795 0.00006
19570 0.00006
14180 0.00006
10207 0.00006
418 0.00006
11653 0.00006
17912 0.00006
4818 0.00006
250 0.00006
5982 0.00006
7397 0.00006
7765 0.00006
10131 0.00006
3729 0.00006
9336 0.00006
8101 0.00006
4172 0.00006
12547 0.00006
933 0.00006
5015 0.00006
12565 0.00006
8158 0.00006
6327 0.00006
8593 0.00006
5040 0.00006
2012 0.00006
1435 0.00006
8891 0.00006
5016 0.00006
749 0.00006
8189 0.00006
3688 0.00006
2722 0.00006
2145 0.00006
10657 0.00006
2702 0.00006
5492 0.00006
2355 0.00006
11797 0.00006
780 0.00006
12247 0.00006
3490 0.00006
2492 0.00006
13038 0.00006
20380 0.00006
8740 0.00006
7699 0.00006
18128 0.00006
13017 0.00006
9659 0.00006
5658 0.00006
4967 0.00006
4084 0.00006
7415 0.00006
731 0.00006
9665 0.00006
3606 0.00006
6090 0.00006
2283 0.00006
5778 0.00006
5271 0.00006
13648 0.00006
7904 0.00006
8133 0.00006
16882 0.00006
1566 0.00006
5930 0.00006
6123 0.00006
5381 0.00006
2687 0.00006
14694 0.00006
12067 0.00006
10334 0.00006
1264 0.00006
6794 0.00006
16158 0.00006
3611 0.00006
10702 0.00006
1475 0.00006
4817 0.00006
11921 0.00006
3222 0.00006
2587 0.00006
10753 0.00006
5433 0.00006
4090 0.00006
2676 0.00006
1650 0.00006
5032 0.00006
11650 0.00006
1250 0.00006
3130 0.00006
10050 0.00006
5470 0.00006
973 0.00006
980 0.00006
16678 0.00006
2569 0.00006
10323 0.00006
11377 0.00006
3899 0.00006
13679 0.00006
5755 0.00006
10328 0.00006
12735 0.00006
2967 0.00006
9722 0.00006
2462 0.00006
813 0.00006
1852 0.00006
1843 0.00006
2468 0.00006
18245 0.00006
18246 0.00006
6925 0.00006
1885 0.00006
5475 0.00006
5429 0.00006
7061 0.00006
18196 0.00006
1470 0.00006
3567 0.00006
614 0.00006
10716 0.00006
5179 0.00006
556 0.00006
16719 0.00006
10548 0.00006
6122 0.00006
9757 0.00006
3912 0.00006
5356 0.00006
8557 0.00006
11439 0.00006
2357 0.00006
7429 0.00006
4225 0.00006
2474 0.00006
4199 0.00006
4730 0.00006
10794 0.00006
7011 0.00006
6516 0.00006
11676 0.00006
3315 0.00006
172 0.00006
3444 0.00006
2287 0.00006
2430 0.00006
2828 0.00006
552 0.00006
4132 0.00006
1378 0.00006
8964 0.00006
11651 0.00006
15085 0.00006
3777 0.00006
7764 0.00006
14477 0.00006
9779 0.00006
15347 0.00006
11383 0.00006
7961 0.00006
12240 0.00006
12866 0.00006
6870 0.00006
10600 0.00006
9175 0.00006
2863 0.00006
20514 0.00006
3339 0.00006
5411 0.00006
2487 0.00006
9185 0.00006
10461 0.00006
12863 0.00006
3559 0.00006
17 0.00006
3654 0.00006
15394 0.00006
123 0.00006
5578 0.00006
8372 0.00006
2356 0.00006
5733 0.00006
14393 0.00006
12316 0.00006
2369 0.00006
6024 0.00006
740 0.00006
5999 0.00006
14705 0.00006
2282 0.00006
2358 0.00006
12246 0.00006
4617 0.00006
2456 0.00006
11616 0.00006
1746 0.00006
12365 0.00006
20883 0.00006
11925 0.00006
6653 0.00006
2285 0.00006
4435 0.00006
2004 0.00006
15150 0.00006
3101 0.00006
17172 0.00006
373 0.00006
898 0.00006
5947 0.00006
4345 0.00006
5494 0.00006
2343 0.00006
8504 0.00006
5732 0.00006
4386 0.00006
6719 0.00006
3731 0.00006
3651 0.00006
10007 0.00006
10345 0.00006
5409 0.00006
8545 0.00006
12949 0.00006
13227 0.00006
2583 0.00006
22352 0.00006
299 0.00006
10765 0.00006
18197 0.00006
10042 0.00006
11548 0.00006
1450 0.00006
9439 0.00006
10569 0.00006
15448 0.00006
4664 0.00006
1033 0.00006
344 0.00006
7911 0.00006
10515 0.00006
8155 0.00006
8735 0.00006
9388 0.00006
21883 0.00006
13715 0.00006
1242 0.00006
14395 0.00006
1214 0.00006
19874 0.00006
2682 0.00006
1585 0.00006
13966 0.00006
5439 0.00006
12411 0.00006
9021 0.00006
8358 0.00006
13116 0.00006
6315 0.00006
3788 0.00006
472 0.00006
8442 0.00006
1267 0.00006
2717 0.00006
2858 0.00006
5734 0.00006
3180 0.00006
7236 0.00006
17493 0.00006
796 0.00006
4292 0.00006
6935 0.00006
13115 0.00006
6076 0.00006
11602 0.00006
5224 0.00006
7424 0.00006
8057 0.00006
17235 0.00006
1143 0.00006
709 0.00006
17417 0.00006
1379 0.00006
2269 0.00006
11588 0.00006
2315 0.00006
5093 0.00006
12715 0.00006
7309 0.00006
2257 0.00006
4720 0.00006
2442 0.00006
1952 0.00006
8892 0.00006
1091 0.00006
8175 0.00006
14765 0.00006
4575 0.00006
14774 0.00006
1564 0.00006
466 0.00006
9635 0.00006
12307 0.00006
12308 0.00006
7423 0.00006
9423 0.00006
13662 0.00006
4667 0.00006
20519 0.00006
9338 0.00006
15031 0.00006
9549 0.00006
5757 0.00006
1086 0.00006
1090 0.00006
1109 0.00006
1112 0.00006
1115 0.00006
1118 0.00006
16797 0.00006
8902 0.00006
18982 0.00006
5055 0.00006
9467 0.00006
9592 0.00006
1221 0.00006
11375 0.00006
8222 0.00006
10446 0.00006
1062 0.00006
6813 0.00006
2939 0.00006
8946 0.00006
1457 0.00006
9339 0.00006
7837 0.00006
7076 0.00006
5352 0.00006
28 0.00006
4420 0.00006
14198 0.00006
9949 0.00006
2219 0.00006
1707 0.00006
7599 0.00006
6983 0.00006
15970 0.00006
6644 0.00006
9710 0.00006
2563 0.00006
4029 0.00006
1314 0.00006
11022 0.00006
5237 0.00006
201 0.00006
15127 0.00006
2542 0.00006
14197 0.00006
73 0.00006
3562 0.00006
9955 0.00006
13136 0.00006
4015 0.00006
12276 0.00006
9687 0.00006
304 0.00006
5034 0.00006
11157 0.00006
521 0.00006
2517 0.00006
15082 0.00006
18320 0.00006
3507 0.00006
6985 0.00006
17169 0.00006
5361 0.00006
9205 0.00006
213 0.00006
9462 0.00006
5300 0.00006
3268 0.00006
1163 0.00006
1444 0.00006
13300 0.00006
10031 0.00006
2581 0.00006
9627 0.00006
9230 0.00006
16138 0.00006
5344 0.00006
2066 0.00006
6201 0.00006
4983 0.00006
8532 0.00006
1835 0.00006
17988 0.00006
747 0.00006
21477 0.00006
8421 0.00006
680 0.00006
7248 0.00006
4467 0.00006
1749 0.00006
2371 0.00006
18015 0.00006
2652 0.00006
2820 0.00006
8787 0.00006
13105 0.00006
9992 0.00006
3578 0.00006
4245 0.00006
10626 0.00006
4963 0.00006
10325 0.00006
6347 0.00006
12702 0.00006
6230 0.00006
4579 0.00006
5771 0.00006
3584 0.00006
12691 0.00006
17756 0.00006
542 0.00006
9733 0.00006
6392 0.00006
6956 0.00006
3312 0.00006
15310 0.00006
9454 0.00006
8772 0.00006
5782 0.00006
5634 0.00006
10539 0.00006
7703 0.00006
5979 0.00006
5980 0.00006
3776 0.00006
14252 0.00006
6970 0.00006
12684 0.00006
14685 0.00006
12744 0.00006
5501 0.00006
4082 0.00006
1590 0.00006
7420 0.00006
13171 0.00006
858 0.00006
5672 0.00006
17246 0.00006
9392 0.00006
8755 0.00006
3518 0.00006
2822 0.00006
1836 0.00006
2496 0.00006
12046 0.00006
2166 0.00006
4663 0.00006
4665 0.00006
4669 0.00006
16064 0.00006
3740 0.00006
10273 0.00006
2327 0.00006
2953 0.00006
11816 0.00006
6256 0.00006
19832 0.00006
20299 0.00006
4738 0.00006
8186 0.00006
3646 0.00006
13266 0.00006
638 0.00006
4623 0.00006
17410 0.00006
13077 0.00006
8595 0.00006
2318 0.00006
6853 0.00006
6324 0.00006
6876 0.00006
12704 0.00006
4855 0.00006
9702 0.00006
10471 0.00006
5752 0.00006
2234 0.00006
20692 0.00006
15677 0.00006
16403 0.00006
10359 0.00006
9855 0.00006
4921 0.00006
11508 0.00006
6034 0.00006
362 0.00006
2894 0.00006
7353 0.00006
16644 0.00006
12700 0.00006
18867 0.00006
7521 0.00006
6185 0.00006
3199 0.00006
2229 0.00006
849 0.00006
9738 0.00006
13726 0.00006
10387 0.00006
909 0.00006
8753 0.00006
2485 0.00006
13131 0.00006
5974 0.00006
3496 0.00006
7351 0.00006
22436 0.00006
5715 0.00006
450 0.00006
4731 0.00006
6168 0.00006
1307 0.00006
784 0.00006
11263 0.00006
6362 0.00006
6663 0.00006
4232 0.00006
7864 0.00006
881 0.00006
185 0.00006
15442 0.00006
5013 0.00006
15656 0.00006
793 0.00006
3685 0.00006
11217 0.00006
13302 0.00006
10473 0.00006
6320 0.00006
2888 0.00006
147 0.00006
2473 0.00006
12926 0.00006
10377 0.00006
1044 0.00006
12699 0.00005
9646 0.00005
2366 0.00005
2367 0.00005
14392 0.00005
4271 0.00005
2530 0.00005
7774 0.00005
3228 0.00005
1714 0.00005
9460 0.00005
6926 0.00005
7458 0.00005
8771 0.00005
2533 0.00005
1963 0.00005
6975 0.00005
18779 0.00005
297 0.00005
8562 0.00005
14013 0.00005
11687 0.00005
22417 0.00005
5369 0.00005
11253 0.00005
7507 0.00005
13971 0.00005
13014 0.00005
5180 0.00005
5407 0.00005
19027 0.00005
8370 0.00005
10413 0.00005
6067 0.00005
811 0.00005
11801 0.00005
13568 0.00005
15309 0.00005
4753 0.00005
14332 0.00005
7312 0.00005
3162 0.00005
10112 0.00005
8994 0.00005
18916 0.00005
7113 0.00005
19019 0.00005
13455 0.00005
4505 0.00005
5588 0.00005
673 0.00005
8449 0.00005
616 0.00005
5502 0.00005
2962 0.00005
4238 0.00005
10376 0.00005
13081 0.00005
9106 0.00005
4654 0.00005
711 0.00005
10369 0.00005
9236 0.00005
6574 0.00005
2596 0.00005
7081 0.00005
4692 0.00005
6708 0.00005
4956 0.00005
11594 0.00005
3252 0.00005
1190 0.00005
9061 0.00005
22209 0.00005
22210 0.00005
13102 0.00005
12703 0.00005
3525 0.00005
15783 0.00005
8965 0.00005
2260 0.00005
4656 0.00005
13069 0.00005
4188 0.00005
2913 0.00005
492 0.00005
5376 0.00005
8824 0.00005
10639 0.00005
6889 0.00005
6958 0.00005
1256 0.00005
7369 0.00005
3393 0.00005
19870 0.00005
8166 0.00005
10218 0.00005
13810 0.00005
4224 0.00005
2116 0.00005
5260 0.00005
635 0.00005
13993 0.00005
14956 0.00005
2531 0.00005
905 0.00005
12132 0.00005
5925 0.00005
5021 0.00005
1672 0.00005
12805 0.00005
9177 0.00005
8828 0.00005
5321 0.00005
4682 0.00005
2902 0.00005
4661 0.00005
4127 0.00005
11248 0.00005
3011 0.00005
4272 0.00005
6023 0.00005
4982 0.00005
4913 0.00005
4609 0.00005
3386 0.00005
2351 0.00005
968 0.00005
1731 0.00005
4821 0.00005
4988 0.00005
12766 0.00005
12421 0.00005
2613 0.00005
6025 0.00005
7450 0.00005
3485 0.00005
6464 0.00005
11088 0.00005
9273 0.00005
20510 0.00005
2620 0.00005
2749 0.00005
5406 0.00005
2705 0.00005
1481 0.00005
10331 0.00005
4573 0.00005
6137 0.00005
3819 0.00005
15238 0.00005
3459 0.00005
3782 0.00005
3197 0.00005
3173 0.00005
8187 0.00005
5442 0.00005
10287 0.00005
3733 0.00005
2233 0.00005
3555 0.00005
6685 0.00005
10375 0.00005
13127 0.00005
1261 0.00005
1784 0.00005
17414 0.00005
287 0.00005
188 0.00005
8522 0.00005
13912 0.00005
10379 0.00005
9846 0.00005
11502 0.00005
21160 0.00005
21161 0.00005
21162 0.00005
2795 0.00005
9463 0.00005
11105 0.00005
7203 0.00005
12130 0.00005
7758 0.00005
6694 0.00005
3045 0.00005
35 0.00005
3598 0.00005
13124 0.00005
5801 0.00005
2107 0.00005
7805 0.00005
2467 0.00005
9712 0.00005
3802 0.00005
9100 0.00005
4406 0.00005
6017 0.00005
782 0.00005
5435 0.00005
1066 0.00005
8279 0.00005
8280 0.00005
1042 0.00005
2039 0.00005
14164 0.00005
10701 0.00005
2707 0.00005
5263 0.00005
5080 0.00005
9905 0.00005
4519 0.00005
2861 0.00005
11170 0.00005
7869 0.00005
6388 0.00005
12705 0.00005
4851 0.00005
2094 0.00005
4845 0.00005
12570 0.00005
9655 0.00005
7545 0.00005
650 0.00005
2147 0.00005
894 0.00005
5264 0.00005
7776 0.00005
5161 0.00005
3704 0.00005
4460 0.00005
11453 0.00005
5351 0.00005
8864 0.00005
3009 0.00005
8905 0.00005
3497 0.00005
7129 0.00005
3589 0.00005
3479 0.00005
15503 0.00005
9117 0.00005
9477 0.00005
3630 0.00005
3665 0.00005
3196 0.00005
10556 0.00005
10724 0.00005
1574 0.00005
3588 0.00005
6790 0.00005
5311 0.00005
13632 0.00005
7781 0.00005
21442 0.00005
22559 0.00005
6419 0.00005
3420 0.00005
12033 0.00005
3609 0.00005
11619 0.00005
6021 0.00005
15672 0.00005
12967 0.00005
10318 0.00005
7685 0.00005
2979 0.00005
2630 0.00005
10286 0.00005
94 0.00005
4839 0.00005
9303 0.00005
4966 0.00005
10481 0.00005
15822 0.00005
13111 0.00005
98 0.00005
10101 0.00005
9978 0.00005
8785 0.00005
2725 0.00005
16246 0.00005
13605 0.00005
4350 0.00005
2854 0.00005
12752 0.00005
8321 0.00005
12992 0.00005
9306 0.00005
1342 0.00005
6009 0.00005
14994 0.00005
5098 0.00005
8847 0.00005
9026 0.00005
2421 0.00005
1791 0.00005
8678 0.00005
8065 0.00005
9481 0.00005
2390 0.00005
5791 0.00005
6552 0.00005
14520 0.00005
5728 0.00005
6535 0.00005
10221 0.00005
18929 0.00005
3007 0.00005
10315 0.00005
4973 0.00005
7681 0.00005
13543 0.00005
8092 0.00005
6018 0.00005
9473 0.00005
8117 0.00005
16160 0.00005
3881 0.00005
2684 0.00005
12846 0.00005
5358 0.00005
4331 0.00005
9320 0.00005
1145 0.00005
15452 0.00005
1397 0.00005
809 0.00005
16738 0.00005
8342 0.00005
11244 0.00005
5426 0.00005
7644 0.00005
802 0.00005
11513 0.00005
11206 0.00005
5742 0.00005
2446 0.00005
20786 0.00005
7566 0.00005
3514 0.00005
8803 0.00005
15136 0.00005
15751 0.00005
4972 0.00005
5192 0.00005
7843 0.00005
1976 0.00005
5678 0.00005
4915 0.00005
2368 0.00005
325 0.00005
3074 0.00005
9380 0.00005
836 0.00005
10330 0.00005
13872 0.00005
10327 0.00005
7377 0.00005
21797 0.00005
2016 0.00005
22720 0.00005
22721 0.00005
22722 0.00005
22724 0.00005
22726 0.00005
22727 0.00005
14816 0.00005
3449 0.00005
5886 0.00005
5666 0.00005
8524 0.00005
6130 0.00005
22339 0.00005
6549 0.00005
6011 0.00005
6545 0.00005
9515 0.00005
15454 0.00005
8083 0.00005
4959 0.00005
4991 0.00005
2642 0.00005
15873 0.00005
2126 0.00005
3772 0.00005
8875 0.00005
2374 0.00005
3503 0.00005
14739 0.00005
10302 0.00005
3380 0.00005
2720 0.00005
12397 0.00005
8836 0.00005
9013 0.00005
3133 0.00005
7773 0.00005
889 0.00005
19567 0.00005
19568 0.00005
19569 0.00005
19571 0.00005
19572 0.00005
19573 0.00005
1482 0.00005
5421 0.00005
18910 0.00005
1176 0.00005
21151 0.00005
18227 0.00005
14659 0.00005
19172 0.00005
1223 0.00005
10255 0.00005
8602 0.00005
10351 0.00005
3538 0.00005
3593 0.00005
2364 0.00005
7591 0.00005
9159 0.00005
11261 0.00005
2376 0.00005
602 0.00005
17230 0.00005
639 0.00005
3686 0.00005
1418 0.00005
6998 0.00005
18204 0.00005
17031 0.00005
9664 0.00005
9053 0.00005
11117 0.00005
1381 0.00005
16396 0.00005
6509 0.00005
16869 0.00005
5661 0.00005
10266 0.00005
6224 0.00005
7178 0.00005
8537 0.00005
6978 0.00005
4984 0.00005
3592 0.00005
1957 0.00005
12129 0.00005
1243 0.00005
1254 0.00005
13117 0.00005
9904 0.00005
2940 0.00005
9322 0.00005
11665 0.00005
8904 0.00005
10658 0.00005
12550 0.00005
11369 0.00005
6877 0.00005
14126 0.00005
11935 0.00005
5876 0.00005
9048 0.00005
11729 0.00005
11387 0.00005
9412 0.00005
2152 0.00005
7041 0.00005
5135 0.00005
2493 0.00005
20082 0.00005
1738 0.00005
8161 0.00005
10479 0.00005
3690 0.00005
12519 0.00005
2341 0.00005
2187 0.00005
13842 0.00005
8908 0.00005
16414 0.00005
6335 0.00005
3483 0.00005
9453 0.00005
5500 0.00005
9461 0.00005
9465 0.00005
9468 0.00005
9474 0.00005
8328 0.00005
2372 0.00005
5378 0.00005
5136 0.00005
12505 0.00005
6697 0.00005
9063 0.00005
11093 0.00005
12167 0.00005
12533 0.00005
8250 0.00005
3736 0.00005
2140 0.00005
1179 0.00005
2112 0.00005
12982 0.00005
6249 0.00005
18390 0.00005
4162 0.00005
1469 0.00005
19508 0.00005
8337 0.00005
10782 0.00005
807 0.00005
620 0.00005
6475 0.00005
11268 0.00005
2634 0.00005
9229 0.00005
9448 0.00005
9145 0.00005
3826 0.00005
11806 0.00005
3900 0.00005
2890 0.00005
7951 0.00005
1645 0.00005
6971 0.00005
8273 0.00005
4167 0.00005
6922 0.00005
3404 0.00005
8919 0.00005
3464 0.00005
7058 0.00005
2655 0.00005
1577 0.00005
176 0.00005
7006 0.00005
7646 0.00005
3519 0.00005
14740 0.00005
7180 0.00005
12278 0.00005
12290 0.00005
12292 0.00005
12300 0.00005
108 0.00005
4604 0.00005
10188 0.00005
10732 0.00005
1208 0.00005
5622 0.00005
1283 0.00005
7985 0.00005
7632 0.00005
3933 0.00005
14572 0.00005
3844 0.00005
9187 0.00005
5564 0.00005
2405 0.00005
1593 0.00005
10665 0.00005
19994 0.00005
1530 0.00005
8760 0.00005
17375 0.00005
7418 0.00005
17986 0.00005
6334 0.00005
1770 0.00005
20983 0.00005
5339 0.00005
2860 0.00005
2901 0.00005
7333 0.00005
4846 0.00005
1151 0.00005
1599 0.00005
8362 0.00005
2425 0.00005
16971 0.00005
8330 0.00005
8327 0.00005
12822 0.00005
2108 0.00005
9602 0.00005
15633 0.00005
1600 0.00005
13713 0.00005
10075 0.00005
1987 0.00005
3093 0.00005
12692 0.00005
8404 0.00005
15013 0.00005
1781 0.00005
1782 0.00005
1785 0.00005
2905 0.00005
7966 0.00005
7419 0.00005
3031 0.00005
3331 0.00005
3349 0.00005
8907 0.00005
11426 0.00005
810 0.00005
12287 0.00005
324 0.00005
4694 0.00005
12 0.00005
4115 0.00005
14435 0.00005
1721 0.00005
10358 0.00005
3096 0.00005
8341 0.00005
8909 0.00005
5758 0.00005
900 0.00005
14966 0.00005
1670 0.00005
5089 0.00005
3431 0.00005
7682 0.00005
19459 0.00005
7307 0.00005
13881 0.00005
6821 0.00005
611 0.00005
6950 0.00005
8841 0.00005
3215 0.00005
11634 0.00005
8901 0.00005
6353 0.00005
11835 0.00005
11836 0.00005
10542 0.00005
4108 0.00005
20507 0.00005
12418 0.00005
8245 0.00005
2205 0.00005
7055 0.00005
5692 0.00005
17638 0.00005
4970 0.00005
3372 0.00005
976 0.00005
9586 0.00005
1814 0.00005
22406 0.00005
2638 0.00005
6387 0.00005
6416 0.00005
5289 0.00005
2279 0.00005
11299 0.00005
8053 0.00005
6401 0.00005
13013 0.00005
13661 0.00005
11892 0.00005
14552 0.00005
10647 0.00005
8417 0.00005
7431 0.00005
9860 0.00005
6086 0.00005
789 0.00005
3304 0.00005
19957 0.00005
3742 0.00005
19500 0.00005
745 0.00005
5343 0.00005
2904 0.00005
4820 0.00005
13935 0.00005
13305 0.00005
1421 0.00005
19083 0.00005
7798 0.00005
13113 0.00005
14270 0.00005
5410 0.00005
2710 0.00005
830 0.00005
18396 0.00005
4063 0.00005
5184 0.00005
8894 0.00005
6614 0.00005
8432 0.00005
8268 0.00005
6151 0.00005
5023 0.00005
9723 0.00005
6241 0.00005
1420 0.00005
16648 0.00005
21285 0.00005
13055 0.00005
5001 0.00005
4606 0.00005
13436 0.00005
1401 0.00005
2723 0.00005
7785 0.00005
6734 0.00005
14579 0.00005
12545 0.00005
4560 0.00005
15250 0.00005
3146 0.00005
2495 0.00005
4249 0.00005
2280 0.00005
2381 0.00005
11527 0.00005
3532 0.00005
3789 0.00005
6233 0.00005
13620 0.00005
7829 0.00005
4048 0.00005
10791 0.00005
14947 0.00005
593 0.00005
14301 0.00005
13630 0.00005
9859 0.00005
10494 0.00005
3705 0.00005
2388 0.00005
11201 0.00005
5030 0.00005
5820 0.00005
10010 0.00005
934 0.00005
6171 0.00005
3036 0.00005
11098 0.00005
20106 0.00005
16590 0.00005
6934 0.00005
4096 0.00005
22256 0.00005
969 0.00005
1384 0.00005
8228 0.00005
8559 0.00005
12796 0.00005
6501 0.00005
3445 0.00005
7010 0.00005
9506 0.00005
14738 0.00005
14139 0.00005
3437 0.00005
5349 0.00005
2678 0.00005
19633 0.00005
7092 0.00005
11096 0.00005
11844 0.00005
11850 0.00005
12538 0.00005
20783 0.00005
7704 0.00005
6258 0.00005
8663 0.00005
3564 0.00005
14246 0.00005
11266 0.00005
9906 0.00005
2375 0.00005
15459 0.00005
7083 0.00005
5338 0.00005
11386 0.00005
1310 0.00005
4522 0.00005
21758 0.00005
10673 0.00005
9370 0.00005
290 0.00005
13997 0.00005
14070 0.00005
1339 0.00005
2817 0.00005
2320 0.00005
2864 0.00005
7565 0.00005
6666 0.00005
4062 0.00005
5188 0.00005
18425 0.00005
7896 0.00005
6389 0.00005
11379 0.00005
8046 0.00005
7165 0.00005
8734 0.00005
14018 0.00005
2535 0.00005
9369 0.00005
5280 0.00005
8278 0.00005
15393 0.00005
8903 0.00005
2128 0.00005
22712 0.00005
17766 0.00005
12078 0.00005
9498 0.00005
1616 0.00005
787 0.00005
9685 0.00005
3016 0.00005
9834 0.00005
10337 0.00005
10574 0.00005
4759 0.00005
16123 0.00005
6881 0.00005
1164 0.00005
5434 0.00005
19461 0.00005
19477 0.00005
2409 0.00005
14834 0.00005
10258 0.00005
3817 0.00005
10792 0.00005
13015 0.00005
9720 0.00005
5809 0.00005
2097 0.00005
7724 0.00005
10684 0.00005
3556 0.00005
14845 0.00005
2624 0.00005
7163 0.00005
4217 0.00005
11734 0.00005
11496 0.00005
3070 0.00005
19326 0.00005
6814 0.00005
1953 0.00005
4904 0.00005
10891 0.00005
13280 0.00005
543 0.00005
13772 0.00005
3254 0.00005
14439 0.00005
8381 0.00005
9692 0.00005
6016 0.00005
2585 0.00005
4262 0.00005
10247 0.00005
7246 0.00005
594 0.00005
9823 0.00005
20064 0.00005
12546 0.00005
3433 0.00005
16679 0.00005
7855 0.00005
13087 0.00005
7598 0.00005
9747 0.00005
799 0.00005
8137 0.00005
901 0.00005
12893 0.00005
20900 0.00005
970 0.00005
8340 0.00005
4985 0.00005
5005 0.00005
5043 0.00005
9065 0.00005
2580 0.00005
22211 0.00005
3997 0.00005
4850 0.00005
6954 0.00005
5827 0.00005
5656 0.00005
5017 0.00005
16906 0.00005
1615 0.00005
1512 0.00005
9848 0.00005
5159 0.00005
4922 0.00005
13192 0.00005
15210 0.00005
15596 0.00005
4695 0.00005
13536 0.00005
2184 0.00005
10636 0.00005
9173 0.00005
4908 0.00005
12877 0.00005
17575 0.00005
4648 0.00005
15437 0.00005
11320 0.00005
8477 0.00005
13068 0.00005
3416 0.00005
7957 0.00005
9736 0.00005
826 0.00005
14492 0.00005
3042 0.00005
15473 0.00005
5380 0.00005
8100 0.00005
10178 0.00005
9968 0.00005
9716 0.00005
13802 0.00005
13608 0.00005
10775 0.00005
9863 0.00005
13575 0.00005
4916 0.00005
6395 0.00005
10681 0.00005
21846 0.00005
4758 0.00005
11087 0.00005
3744 0.00005
15642 0.00005
5206 0.00005
8359 0.00005
6164 0.00005
9725 0.00005
2895 0.00005
524 0.00005
526 0.00005
1614 0.00005
13378 0.00005
16133 0.00005
15899 0.00005
4073 0.00005
6404 0.00005
3746 0.00005
1452 0.00005
14500 0.00005
10401 0.00005
5554 0.00005
143 0.00005
10783 0.00005
10751 0.00005
16157 0.00005
6972 0.00005
17908 0.00005
55 0.00005
5304 0.00005
12573 0.00005
12535 0.00005
2715 0.00005
8567 0.00005
7641 0.00005
11298 0.00005
590 0.00005
10953 0.00005
15959 0.00005
5690 0.00005
4495 0.00005
4498 0.00005
4502 0.00005
4503 0.00005
4504 0.00005
4506 0.00005
9036 0.00005
2179 0.00005
6252 0.00005
13231 0.00005
18257 0.00005
5357 0.00005
4980 0.00005
7859 0.00005
21078 0.00005
15627 0.00005
13719 0.00005
10451 0.00005
11745 0.00005
6655 0.00005
8817 0.00005
13469 0.00005
16321 0.00005
9556 0.00005
9397 0.00005
11786 0.00005
14106 0.00005
12860 0.00005
9149 0.00005
5028 0.00005
5287 0.00005
1430 0.00005
13581 0.00005
2093 0.00004
19080 0.00004
3580 0.00004
8036 0.00004
17913 0.00004
5708 0.00004
17380 0.00004
5247 0.00004
13918 0.00004
9200 0.00004
5586 0.00004
7857 0.00004
8988 0.00004
729 0.00004
8087 0.00004
8458 0.00004
3681 0.00004
9086 0.00004
8110 0.00004
10200 0.00004
9650 0.00004
9651 0.00004
7214 0.00004
11473 0.00004
17234 0.00004
4538 0.00004
3257 0.00004
3148 0.00004
468 0.00004
2622 0.00004
9237 0.00004
18018 0.00004
8172 0.00004
11580 0.00004
12387 0.00004
18144 0.00004
7106 0.00004
5596 0.00004
13641 0.00004
10593 0.00004
7114 0.00004
4706 0.00004
11814 0.00004
2948 0.00004
791 0.00004
6412 0.00004
10624 0.00004
144 0.00004
3668 0.00004
4161 0.00004
18308 0.00004
16858 0.00004
10743 0.00004
9758 0.00004
20957 0.00004
11448 0.00004
11452 0.00004
8508 0.00004
7909 0.00004
3126 0.00004
8679 0.00004
5367 0.00004
5465 0.00004
8913 0.00004
10660 0.00004
12616 0.00004
5345 0.00004
8664 0.00004
14015 0.00004
65 0.00004
4457 0.00004
4892 0.00004
4562 0.00004
7050 0.00004
15767 0.00004
9622 0.00004
3996 0.00004
10199 0.00004
5956 0.00004
17496 0.00004
380 0.00004
14967 0.00004
8606 0.00004
2289 0.00004
1306 0.00004
8552 0.00004
8586 0.00004
5011 0.00004
5910 0.00004
9456 0.00004
9457 0.00004
9458 0.00004
9459 0.00004
3967 0.00004
9464 0.00004
9466 0.00004
9469 0.00004
9470 0.00004
9471 0.00004
9472 0.00004
8028 0.00004
9476 0.00004
9478 0.00004
9479 0.00004
2050 0.00004
9480 0.00004
5924 0.00004
9482 0.00004
9484 0.00004
9485 0.00004
9486 0.00004
9487 0.00004
9489 0.00004
9490 0.00004
9492 0.00004
9493 0.00004
8037 0.00004
591 0.00004
1908 0.00004
2925 0.00004
1608 0.00004
5873 0.00004
1447 0.00004
12666 0.00004
11553 0.00004
5162 0.00004
2010 0.00004
11432 0.00004
3077 0.00004
5582 0.00004
1863 0.00004
10102 0.00004
9332 0.00004
1892 0.00004
6728 0.00004
470 0.00004
7666 0.00004
20651 0.00004
12358 0.00004
453 0.00004
744 0.00004
15593 0.00004
7057 0.00004
5522 0.00004
9155 0.00004
9552 0.00004
18259 0.00004
892 0.00004
6987 0.00004
4219 0.00004
20944 0.00004
2041 0.00004
14667 0.00004
14228 0.00004
19110 0.00004
4377 0.00004
11799 0.00004
2978 0.00004
1688 0.00004
10367 0.00004
6643 0.00004
11209 0.00004
6374 0.00004
1422 0.00004
6 0.00004
6942 0.00004
5033 0.00004
8394 0.00004
1364 0.00004
20305 0.00004
5094 0.00004
7823 0.00004
8190 0.00004
5133 0.00004
617 0.00004
8154 0.00004
6321 0.00004
10008 0.00004
9820 0.00004
5748 0.00004
1382 0.00004
14084 0.00004
5975 0.00004
3805 0.00004
5770 0.00004
20505 0.00004
10462 0.00004
1 0.00004
2 0.00004
3 0.00004
9841 0.00004
12886 0.00004
21718 0.00004
21721 0.00004
13871 0.00004
10356 0.00004
797 0.00004
7678 0.00004
2392 0.00004
3764 0.00004
6963 0.00004
1858 0.00004
7683 0.00004
6617 0.00004
2002 0.00004
2887 0.00004
10204 0.00004
7856 0.00004
7860 0.00004
7861 0.00004
7862 0.00004
7858 0.00004
7863 0.00004
3232 0.00004
9231 0.00004
5014 0.00004
482 0.00004
3851 0.00004
15081 0.00004
1605 0.00004
6004 0.00004
16534 0.00004
12947 0.00004
6713 0.00004
2912 0.00004
839 0.00004
13240 0.00004
5079 0.00004
847 0.00004
10520 0.00004
1847 0.00004
5222 0.00004
2058 0.00004
11841 0.00004
9613 0.00004
760 0.00004
6712 0.00004
10985 0.00004
2885 0.00004
10026 0.00004
7836 0.00004
18198 0.00004
11886 0.00004
730 0.00004
569 0.00004
11674 0.00004
17407 0.00004
8443 0.00004
11550 0.00004
8197 0.00004
8932 0.00004
949 0.00004
12141 0.00004
10087 0.00004
10378 0.00004
692 0.00004
2494 0.00004
20488 0.00004
573 0.00004
17190 0.00004
4407 0.00004
8829 0.00004
7315 0.00004
8576 0.00004
755 0.00004
12711 0.00004
13732 0.00004
13733 0.00004
5463 0.00004
17123 0.00004
7446 0.00004
11474 0.00004
8683 0.00004
7873 0.00004
9852 0.00004
15132 0.00004
19906 0.00004
15998 0.00004
14912 0.00004
16310 0.00004
10103 0.00004
10585 0.00004
6102 0.00004
2078 0.00004
8737 0.00004
7830 0.00004
7031 0.00004
8377 0.00004
17170 0.00004
16311 0.00004
798 0.00004
10326 0.00004
5008 0.00004
5026 0.00004
3892 0.00004
9830 0.00004
13103 0.00004
6880 0.00004
6714 0.00004
2783 0.00004
15112 0.00004
7344 0.00004
4583 0.00004
16917 0.00004
11549 0.00004
17808 0.00004
14909 0.00004
9132 0.00004
4748 0.00004
8529 0.00004
7015 0.00004
9398 0.00004
9734 0.00004
13711 0.00004
3084 0.00004
3534 0.00004
13142 0.00004
7454 0.00004
1992 0.00004
13718 0.00004
13394 0.00004
6481 0.00004
1648 0.00004
8867 0.00004
10431 0.00004
13217 0.00004
12543 0.00004
4831 0.00004
2647 0.00004
2251 0.00004
2076 0.00004
5772 0.00004
5580 0.00004
7684 0.00004
4749 0.00004
10466 0.00004
16400 0.00004
16402 0.00004
14102 0.00004
16398 0.00004
16404 0.00004
11802 0.00004
10819 0.00004
16405 0.00004
16397 0.00004
5037 0.00004
5382 0.00004
5961 0.00004
1319 0.00004
6696 0.00004
4276 0.00004
5332 0.00004
7960 0.00004
6907 0.00004
18861 0.00004
6716 0.00004
11402 0.00004
2631 0.00004
1459 0.00004
14747 0.00004
21020 0.00004
16809 0.00004
14644 0.00004
18397 0.00004
9840 0.00004
9698 0.00004
13275 0.00004
10664 0.00004
6569 0.00004
8590 0.00004
2551 0.00004
3510 0.00004
7383 0.00004
15628 0.00004
9831 0.00004
7048 0.00004
17137 0.00004
13691 0.00004
5372 0.00004
4016 0.00004
3187 0.00004
2575 0.00004
17674 0.00004
3825 0.00004
10383 0.00004
7355 0.00004
10525 0.00004
18329 0.00004
18330 0.00004
17357 0.00004
17001 0.00004
18331 0.00004
6136 0.00004
14547 0.00004
7054 0.00004
9864 0.00004
3233 0.00004
779 0.00004
8390 0.00004
13203 0.00004
8877 0.00004
12927 0.00004
7747 0.00004
2865 0.00004
9340 0.00004
7875 0.00004
13079 0.00004
11433 0.00004
10168 0.00004
4999 0.00004
5328 0.00004
2869 0.00004
843 0.00004
7103 0.00004
5228 0.00004
6760 0.00004
14431 0.00004
20399 0.00004
11555 0.00004
485 0.00004
6490 0.00004
3008 0.00004
1484 0.00004
9354 0.00004
14434 0.00004
5704 0.00004
12288 0.00004
9271 0.00004
10643 0.00004
3541 0.00004
1802 0.00004
2124 0.00004
11085 0.00004
5303 0.00004
2794 0.00004
9743 0.00004
2051 0.00004
4415 0.00004
11905 0.00004
19018 0.00004
18023 0.00004
2167 0.00004
2169 0.00004
2209 0.00004
2236 0.00004
2258 0.00004
2275 0.00004
6309 0.00004
12293 0.00004
2776 0.00004
10617 0.00004
12429 0.00004
3453 0.00004
8105 0.00004
5843 0.00004
15288 0.00004
14184 0.00004
5904 0.00004
16936 0.00004
4071 0.00004
13084 0.00004
3596 0.00004
937 0.00004
14713 0.00004
4782 0.00004
11385 0.00004
10280 0.00004
10663 0.00004
8789 0.00004
6725 0.00004
6727 0.00004
9946 0.00004
9948 0.00004
9623 0.00004
22327 0.00004
15962 0.00004
18995 0.00004
15155 0.00004
9741 0.00004
7067 0.00004
1881 0.00004
13681 0.00004
3213 0.00004
3800 0.00004
5100 0.00004
18394 0.00004
1572 0.00004
12432 0.00004
12008 0.00004
8392 0.00004
10065 0.00004
5056 0.00004
7013 0.00004
17134 0.00004
21968 0.00004
13770 0.00004
16009 0.00004
4535 0.00004
8699 0.00004
15034 0.00004
12804 0.00004
18328 0.00004
9838 0.00004
17657 0.00004
4585 0.00004
8614 0.00004
3801 0.00004
16464 0.00004
19086 0.00004
17139 0.00004
2292 0.00004
1007 0.00004
3388 0.00004
518 0.00004
9932 0.00004
4909 0.00004
9221 0.00004
5832 0.00004
7358 0.00004
4996 0.00004
3172 0.00004
46 0.00004
6284 0.00004
7973 0.00004
9656 0.00004
11834 0.00004
11837 0.00004
11840 0.00004
11842 0.00004
11552 0.00004
11832 0.00004
11845 0.00004
11551 0.00004
11846 0.00004
11848 0.00004
9609 0.00004
11854 0.00004
5469 0.00004
7809 0.00004
10564 0.00004
9850 0.00004
3574 0.00004
19579 0.00004
354 0.00004
4595 0.00004
13558 0.00004
1474 0.00004
14518 0.00004
3206 0.00004
4863 0.00004
3924 0.00004
15592 0.00004
10793 0.00004
3827 0.00004
11370 0.00004
14202 0.00004
6550 0.00004
8183 0.00004
9862 0.00004
1796 0.00004
9382 0.00004
6397 0.00004
15871 0.00004
9105 0.00004
16768 0.00004
13219 0.00004
6683 0.00004
8736 0.00004
2944 0.00004
9953 0.00004
5528 0.00004
13223 0.00004
14831 0.00004
8893 0.00004
1610 0.00004
333 0.00004
21628 0.00004
13196 0.00004
11993 0.00004
5921 0.00004
7749 0.00004
15758 0.00004
19463 0.00004
11884 0.00004
12231 0.00004
17730 0.00004
4961 0.00004
16418 0.00004
16420 0.00004
4798 0.00004
17739 0.00004
12094 0.00004
12524 0.00004
9294 0.00004
421 0.00004
10710 0.00004
9216 0.00004
9217 0.00004
13170 0.00004
6140 0.00004
5650 0.00004
19498 0.00004
2527 0.00004
14580 0.00004
4719 0.00004
5547 0.00004
3618 0.00004
16309 0.00004
10244 0.00004
13020 0.00004
5377 0.00004
5416 0.00004
12859 0.00004
13876 0.00004
12304 0.00004
9752 0.00004
7347 0.00004
2911 0.00004
10000 0.00004
10857 0.00004
12632 0.00004
11581 0.00004
714 0.00004
15314 0.00004
4554 0.00004
7110 0.00004
11116 0.00004
6244 0.00004
4650 0.00004
11589 0.00004
22654 0.00004
5966 0.00004
1680 0.00004
10493 0.00004
12227 0.00004
10347 0.00004
8103 0.00004
14107 0.00004
3088 0.00004
18438 0.00004
14854 0.00004
4164 0.00004
11984 0.00004
2797 0.00004
9422 0.00004
14658 0.00004
3131 0.00004
9755 0.00004
15190 0.00004
2636 0.00004
12973 0.00004
2055 0.00004
3871 0.00004
10690 0.00004
10134 0.00004
8114 0.00004
10 0.00004
7012 0.00004
3202 0.00004
7348 0.00004
13866 0.00004
7799 0.00004
11274 0.00004
12111 0.00004
14024 0.00004
11865 0.00004
16793 0.00004
4874 0.00004
8260 0.00004
12620 0.00004
3474 0.00004
10745 0.00004
7172 0.00004
9990 0.00004
14946 0.00004
10659 0.00004
9981 0.00004
10263 0.00004
3993 0.00004
10896 0.00004
923 0.00004
9520 0.00004
5702 0.00004
6373 0.00004
6308 0.00004
2394 0.00004
1395 0.00004
7412 0.00004
6939 0.00004
14093 0.00004
4349 0.00004
14308 0.00004
19137 0.00004
2469 0.00004
21238 0.00004
19960 0.00004
12264 0.00004
22242 0.00004
6214 0.00004
8075 0.00004
17494 0.00004
5977 0.00004
13509 0.00004
4924 0.00004
5555 0.00004
9377 0.00004
1803 0.00004
10180 0.00004
2926 0.00004
7807 0.00004
11084 0.00004
6829 0.00004
7741 0.00004
22019 0.00004
548 0.00004
3480 0.00004
15625 0.00004
4582 0.00004
6349 0.00004
5276 0.00004
14469 0.00004
7296 0.00004
1683 0.00004
6062 0.00004
17902 0.00004
9307 0.00004
9737 0.00004
10052 0.00004
11691 0.00004
12552 0.00004
12298 0.00004
3616 0.00004
11526 0.00004
16990 0.00004
2683 0.00004
11419 0.00004
4586 0.00004
1304 0.00004
7982 0.00004
15892 0.00004
10208 0.00004
1948 0.00004
17232 0.00004
7331 0.00004
5490 0.00004
11541 0.00004
353 0.00004
19995 0.00004
4876 0.00004
8568 0.00004
11441 0.00004
5240 0.00004
10818 0.00004
9092 0.00004
6923 0.00004
5045 0.00004
9081 0.00004
6472 0.00004
677 0.00004
6737 0.00004
14082 0.00004
8310 0.00004
9638 0.00004
7761 0.00004
9410 0.00004
2886 0.00004
11423 0.00004
3846 0.00004
12764 0.00004
4725 0.00004
10677 0.00004
9711 0.00004
4412 0.00004
6181 0.00004
17135 0.00004
12739 0.00004
11437 0.00004
12742 0.00004
14412 0.00004
8164 0.00004
1567 0.00004
12076 0.00004
16721 0.00004
16722 0.00004
10034 0.00004
10653 0.00004
14479 0.00004
17996 0.00004
3378 0.00004
3357 0.00004
14311 0.00004
3430 0.00004
6873 0.00004
803 0.00004
1646 0.00004
5301 0.00004
1786 0.00004
1629 0.00004
13716 0.00004
13717 0.00004
12958 0.00004
3536 0.00004
2534 0.00004
16881 0.00004
17511 0.00004
13512 0.00004
8861 0.00004
5823 0.00004
13409 0.00004
8967 0.00004
2591 0.00004
15043 0.00004
5760 0.00004
6238 0.00004
9059 0.00004
5566 0.00004
5689 0.00004
8012 0.00004
4210 0.00004
5626 0.00004
1725 0.00004
11604 0.00004
5804 0.00004
15784 0.00004
8823 0.00004
19072 0.00004
2429 0.00004
1666 0.00004
2387 0.00004
7520 0.00004
17846 0.00004
20413 0.00004
5449 0.00004
12869 0.00004
8954 0.00004
17120 0.00004
3576 0.00004
10316 0.00004
8004 0.00004
1866 0.00004
10422 0.00004
1717 0.00004
17555 0.00004
12942 0.00004
14715 0.00004
14609 0.00004
5777 0.00004
6410 0.00004
6933 0.00004
10078 0.00004
3037 0.00004
17175 0.00004
2740 0.00004
7564 0.00004
3098 0.00004
11382 0.00004
9694 0.00004
78 0.00004
19244 0.00004
15579 0.00004
5347 0.00004
11390 0.00004
12359 0.00004
9055 0.00004
20646 0.00004
20648 0.00004
15670 0.00004
8246 0.00004
6692 0.00004
3073 0.00004
8058 0.00004
12023 0.00004
8016 0.00004
7075 0.00004
7664 0.00004
21112 0.00004
9157 0.00004
9643 0.00004
1727 0.00004
15204 0.00004
2900 0.00004
13078 0.00004
3050 0.00004
3053 0.00004
14178 0.00004
11241 0.00004
7457 0.00004
6183 0.00004
16343 0.00004
6872 0.00004
704 0.00004
5735 0.00004
6878 0.00004
9614 0.00004
17411 0.00004
7038 0.00004
248 0.00004
1668 0.00004
3166 0.00004
10391 0.00004
3787 0.00004
2396 0.00004
4149 0.00004
4150 0.00004
3972 0.00004
3828 0.00004
6434 0.00004
1074 0.00004
13767 0.00004
9617 0.00004
9170 0.00004
15490 0.00004
4872 0.00004
8254 0.00004
8399 0.00004
7298 0.00004
15181 0.00004
15180 0.00004
12931 0.00004
9444 0.00004
16879 0.00004
17646 0.00004
112 0.00004
8206 0.00004
17185 0.00004
6344 0.00004
6345 0.00004
19278 0.00004
17471 0.00004
6337 0.00004
15176 0.00004
14565 0.00004
14567 0.00004
545 0.00004
7890 0.00004
15319 0.00004
1623 0.00004
17596 0.00004
6999 0.00004
3708 0.00004
19800 0.00004
9297 0.00004
3595 0.00004
9633 0.00004
9965 0.00004
9926 0.00004
10147 0.00004
3471 0.00004
6984 0.00004
13414 0.00004
14130 0.00004
3023 0.00004
9724 0.00004
6514 0.00004
16948 0.00004
541 0.00004
7148 0.00004
4061 0.00004
5029 0.00004
17760 0.00004
9983 0.00004
831 0.00004
17858 0.00004
14173 0.00004
7556 0.00004
5612 0.00004
6396 0.00004
8989 0.00004
6724 0.00004
14127 0.00004
15460 0.00004
2383 0.00004
10547 0.00004
5829 0.00004
1462 0.00004
13268 0.00004
19950 0.00004
6859 0.00004
17037 0.00004
16284 0.00004
6369 0.00004
6384 0.00004
14595 0.00004
10313 0.00004
20915 0.00004
12935 0.00004
11642 0.00004
12015 0.00004
13757 0.00004
199 0.00004
1994 0.00004
10046 0.00004
12874 0.00004
9934 0.00004
17401 0.00004
12686 0.00004
5371 0.00004
9680 0.00004
4396 0.00004
795 0.00004
3305 0.00004
5784 0.00004
5091 0.00004
11771 0.00004
15804 0.00004
2301 0.00004
2766 0.00004
16482 0.00004
13571 0.00004
8921 0.00004
5290 0.00004
4308 0.00004
17924 0.00004
12080 0.00004
12082 0.00004
6381 0.00004
7756 0.00004
1513 0.00004
5800 0.00004
22335 0.00004
5466 0.00004
8195 0.00004
7754 0.00004
1487 0.00004
9916 0.00004
12021 0.00004
2025 0.00004
5706 0.00004
11857 0.00004
18489 0.00004
850 0.00004
2125 0.00004
8899 0.00004
4979 0.00004
13613 0.00004
7046 0.00004
7365 0.00004
2490 0.00004
6415 0.00004
9089 0.00004
21126 0.00004
6468 0.00004
17497 0.00004
12431 0.00004
12318 0.00004
10768 0.00004
1628 0.00004
9577 0.00004
10350 0.00004
13053 0.00004
13058 0.00004
8051 0.00004
2498 0.00004
9853 0.00004
4745 0.00004
6242 0.00004
7938 0.00004
6739 0.00004
7251 0.00004
17003 0.00004
17585 0.00004
19393 0.00004
13233 0.00004
9156 0.00004
20534 0.00004
2688 0.00004
6162 0.00004
1602 0.00004
5714 0.00004
1634 0.00004
10009 0.00004
6556 0.00004
6529 0.00004
5759 0.00004
8726 0.00004
8286 0.00004
2134 0.00004
8220 0.00004
10487 0.00004
3853 0.00004
1438 0.00004
1844 0.00004
4123 0.00004
5939 0.00004
10226 0.00004
9337 0.00004
5414 0.00004
12032 0.00004
8851 0.00004
3973 0.00004
4942 0.00004
12929 0.00004
3901 0.00004
2489 0.00004
13855 0.00004
11923 0.00004
14727 0.00004
5346 0.00004
12609 0.00004
10061 0.00004
17764 0.00004
9352 0.00004
16314 0.00004
17772 0.00004
17453 0.00004
5835 0.00004
4288 0.00004
5922 0.00004
451 0.00004
8146 0.00004
20511 0.00004
20513 0.00004
22351 0.00004
6403 0.00004
7600 0.00004
11574 0.00004
10411 0.00004
5682 0.00004
2785 0.00004
16225 0.00004
8147 0.00004
12572 0.00004
8478 0.00004
2614 0.00004
5681 0.00004
13151 0.00004
7654 0.00004
5234 0.00004
7097 0.00004
3385 0.00004
22815 0.00004
5333 0.00004
3229 0.00004
18166 0.00004
3436 0.00004
6274 0.00004
8208 0.00004
10267 0.00004
13586 0.00004
9993 0.00004
22483 0.00004
7936 0.00004
1665 0.00004
1149 0.00004
6152 0.00004
12879 0.00004
6272 0.00004
6367 0.00004
16883 0.00004
5036 0.00004
5046 0.00004
7740 0.00004
8068 0.00004
5050 0.00004
10882 0.00004
17399 0.00004
12213 0.00004
1752 0.00004
22509 0.00004
9745 0.00004
7105 0.00004
10252 0.00004
4067 0.00004
8039 0.00004
13888 0.00004
7359 0.00004
9022 0.00004
3876 0.00004
4836 0.00004
17292 0.00004
4526 0.00004
2625 0.00004
9213 0.00004
379 0.00004
6532 0.00004
15249 0.00004
16451 0.00004
13285 0.00004
7687 0.00004
6110 0.00004
2635 0.00004
6997 0.00004
6444 0.00004
3767 0.00004
1236 0.00004
1162 0.00004
10648 0.00004
8031 0.00004
14137 0.00004
11354 0.00004
5640 0.00004
14210 0.00004
4685 0.00004
10770 0.00004
12245 0.00004
7481 0.00004
2088 0.00004
10177 0.00004
14101 0.00004
11290 0.00004
7130 0.00004
12068 0.00004
5673 0.00004
1425 0.00004
14104 0.00004
20141 0.00004
16416 0.00004
6026 0.00004
5529 0.00004
15274 0.00004
16916 0.00004
12028 0.00004
15599 0.00004
1711 0.00004
1601 0.00004
5363 0.00004
5611 0.00004
6995 0.00004
3806 0.00004
13845 0.00004
21110 0.00004
19257 0.00004
19862 0.00004
9091 0.00004
17534 0.00004
816 0.00004
1316 0.00004
16463 0.00004
16767 0.00004
21335 0.00004
1595 0.00004
11374 0.00004
11430 0.00004
10527 0.00004
4997 0.00004
17294 0.00004
3544 0.00004
15453 0.00004
3350 0.00004
9644 0.00004
8709 0.00004
6398 0.00004
7466 0.00004
8086 0.00004
15024 0.00004
19907 0.00004
5926 0.00004
4722 0.00004
18350 0.00004
13293 0.00004
9436 0.00004
8833 0.00004
3771 0.00004
9277 0.00004
4119 0.00004
5395 0.00004
18477 0.00004
15757 0.00004
16920 0.00004
8689 0.00004
11256 0.00004
21658 0.00004
18871 0.00004
8283 0.00004
9290 0.00004
6391 0.00004
1883 0.00004
11381 0.00004
6199 0.00004
12410 0.00004
6236 0.00004
6285 0.00004
10679 0.00004
5725 0.00004
8056 0.00004
2507 0.00004
7266 0.00004
8113 0.00004
9979 0.00004
4020 0.00004
4233 0.00004
6037 0.00004
9188 0.00004
18266 0.00004
11761 0.00004
12275 0.00004
12277 0.00004
10225 0.00004
12280 0.00004
12281 0.00004
12282 0.00004
12283 0.00004
12284 0.00004
12285 0.00004
7133 0.00004
7723 0.00004
12286 0.00004
11476 0.00004
4723 0.00004
12291 0.00004
6544 0.00004
12295 0.00004
12297 0.00004
12299 0.00004
8045 0.00004
12301 0.00004
12302 0.00004
12303 0.00004
12305 0.00004
12306 0.00004
11429 0.00004
6006 0.00004
2419 0.00004
11528 0.00004
6507 0.00004
3419 0.00004
1569 0.00004
6375 0.00004
13112 0.00004
15762 0.00004
3111 0.00004
2667 0.00004
1434 0.00004
14681 0.00004
5405 0.00004
14598 0.00004
4051 0.00004
6319 0.00004
7576 0.00004
12081 0.00004
10073 0.00004
12740 0.00004
12741 0.00004
367 0.00004
1464 0.00004
5929 0.00004
948 0.00004
2402 0.00004
6678 0.00004
13672 0.00004
6553 0.00004
15388 0.00004
4158 0.00004
7233 0.00004
5165 0.00004
11652 0.00004
12095 0.00004
280 0.00004
3337 0.00004
16720 0.00004
7304 0.00004
456 0.00004
17554 0.00004
11922 0.00004
4141 0.00004
9208 0.00004
20345 0.00004
17231 0.00004
13082 0.00004
5920 0.00004
10489 0.00004
5967 0.00004
3807 0.00004
3210 0.00004
8223 0.00004
18401 0.00004
776 0.00004
15828 0.00004
15947 0.00004
4128 0.00004
11255 0.00004
9829 0.00004
9030 0.00004
12529 0.00004
1651 0.00004
20387 0.00004
20386 0.00004
8598 0.00004
2768 0.00004
8253 0.00004
5892 0.00004
11578 0.00004
7547 0.00004
16499 0.00004
3829 0.00004
8134 0.00004
12072 0.00004
14361 0.00004
13698 0.00004
19382 0.00004
9096 0.00004
9770 0.00004
5556 0.00004
3178 0.00004
10213 0.00004
11684 0.00004
6705 0.00004
5799 0.00004
1321 0.00004
8896 0.00004
17483 0.00004
12211 0.00004
10859 0.00004
13441 0.00004
12185 0.00004
13200 0.00004
3793 0.00004
2743 0.00004
19162 0.00004
4732 0.00004
7763 0.00004
3013 0.00004
11016 0.00004
3803 0.00004
9385 0.00004
8419 0.00004
10428 0.00004
10429 0.00004
8984 0.00004
3879 0.00004
12567 0.00004
10652 0.00004
7329 0.00004
6698 0.00004
17291 0.00004
7184 0.00004
5992 0.00004
1724 0.00004
9626 0.00004
5775 0.00004
8963 0.00004
16878 0.00004
1891 0.00004
1144 0.00004
8950 0.00004
6686 0.00004
11428 0.00004
17295 0.00004
10276 0.00004
12466 0.00004
952 0.00004
13316 0.00004
6450 0.00004
1613 0.00004
9426 0.00004
10986 0.00004
4070 0.00004
4763 0.00004
5428 0.00004
539 0.00004
9169 0.00004
7648 0.00004
20014 0.00004
11326 0.00004
6341 0.00004
9778 0.00004
9781 0.00004
9782 0.00004
10182 0.00004
13873 0.00004
19530 0.00004
9753 0.00004
6822 0.00004
18866 0.00004
555 0.00004
5199 0.00004
11636 0.00004
10714 0.00004
19010 0.00004
12487 0.00004
12446 0.00004
17048 0.00004
6781 0.00004
6782 0.00004
5086 0.00004
7636 0.00004
7700 0.00004
13868 0.00004
3623 0.00004
13411 0.00004
5354 0.00004
4342 0.00004
4889 0.00004
2737 0.00004
10763 0.00004
13678 0.00004
12577 0.00004
4152 0.00004
13663 0.00004
10816 0.00004
10027 0.00004
2127 0.00004
12595 0.00004
7302 0.00004
9924 0.00004
9211 0.00004
13251 0.00004
10893 0.00004
6936 0.00004
22828 0.00004
4861 0.00004
8387 0.00004
7976 0.00004
14131 0.00004
19554 0.00004
5745 0.00004
9708 0.00004
17233 0.00004
6051 0.00004
13877 0.00004
15058 0.00004
9847 0.00004
4552 0.00004
6372 0.00004
6217 0.00004
11576 0.00004
5780 0.00004
6485 0.00004
6953 0.00004
6977 0.00004
7173 0.00004
13533 0.00004
7403 0.00004
11483 0.00004
6603 0.00004
5451 0.00004
11823 0.00004
7940 0.00004
196 0.00004
13457 0.00004
13373 0.00004
3227 0.00004
18545 0.00004
16248 0.00004
14537 0.00004
11830 0.00004
11677 0.00004
8782 0.00003
19000 0.00003
1424 0.00003
12215 0.00003
5815 0.00003
4165 0.00003
7962 0.00003
9877 0.00003
13359 0.00003
11475 0.00003
11018 0.00003
3594 0.00003
15450 0.00003
3035 0.00003
3017 0.00003
8666 0.00003
9447 0.00003
3573 0.00003
1068 0.00003
5473 0.00003
5717 0.00003
6393 0.00003
11874 0.00003
11875 0.00003
5684 0.00003
19118 0.00003
10781 0.00003
2464 0.00003
12687 0.00003
10011 0.00003
19536 0.00003
7186 0.00003
3182 0.00003
14498 0.00003
6961 0.00003
8566 0.00003
7034 0.00003
12780 0.00003
5430 0.00003
6763 0.00003
6764 0.00003
20958 0.00003
20516 0.00003
6613 0.00003
11257 0.00003
13451 0.00003
15321 0.00003
7778 0.00003
5491 0.00003
5393 0.00003
1671 0.00003
911 0.00003
8325 0.00003
20343 0.00003
21395 0.00003
6500 0.00003
5534 0.00003
2963 0.00003
15063 0.00003
9080 0.00003
2137 0.00003
2546 0.00003
19096 0.00003
9446 0.00003
2052 0.00003
9441 0.00003
7930 0.00003
2319 0.00003
5589 0.00003
4968 0.00003
20992 0.00003
6949 0.00003
4517 0.00003
10198 0.00003
6893 0.00003
7189 0.00003
7364 0.00003
1946 0.00003
832 0.00003
13468 0.00003
17777 0.00003
6093 0.00003
1568 0.00003
5218 0.00003
14759 0.00003
13404 0.00003
15045 0.00003
14338 0.00003
1914 0.00003
8365 0.00003
6312 0.00003
4434 0.00003
6982 0.00003
6635 0.00003
6621 0.00003
8936 0.00003
6758 0.00003
833 0.00003
14294 0.00003
11693 0.00003
14921 0.00003
12873 0.00003
4680 0.00003
7667 0.00003
7668 0.00003
8519 0.00003
3983 0.00003
10772 0.00003
10930 0.00003
8855 0.00003
19055 0.00003
19268 0.00003
18485 0.00003
2556 0.00003
1643 0.00003
2417 0.00003
404 0.00003
8079 0.00003
3368 0.00003
18559 0.00003
19258 0.00003
1673 0.00003
8854 0.00003
1642 0.00003
10262 0.00003
2117 0.00003
6351 0.00003
6901 0.00003
2731 0.00003
18258 0.00003
10579 0.00003
10581 0.00003
18315 0.00003
5537 0.00003
10348 0.00003
20700 0.00003
619 0.00003
6195 0.00003
10282 0.00003
15260 0.00003
12593 0.00003
14438 0.00003
9428 0.00003
16595 0.00003
4740 0.00003
5774 0.00003
16367 0.00003
5510 0.00003
5512 0.00003
13625 0.00003
12812 0.00003
14630 0.00003
12055 0.00003
16740 0.00003
4875 0.00003
1317 0.00003
11099 0.00003
7195 0.00003
12951 0.00003
3290 0.00003
11570 0.00003
6604 0.00003
10111 0.00003
14069 0.00003
13326 0.00003
15684 0.00003
8813 0.00003
5858 0.00003
10731 0.00003
12944 0.00003
5709 0.00003
8261 0.00003
20063 0.00003
12102 0.00003
10338 0.00003
9621 0.00003
4995 0.00003
15139 0.00003
7074 0.00003
15419 0.00003
7707 0.00003
11014 0.00003
6187 0.00003
6371 0.00003
1468 0.00003
5655 0.00003
9302 0.00003
6165 0.00003
6166 0.00003
743 0.00003
3894 0.00003
15007 0.00003
4799 0.00003
15011 0.00003
9671 0.00003
15307 0.00003
13619 0.00003
6013 0.00003
13985 0.00003
7709 0.00003
10628 0.00003
15053 0.00003
15743 0.00003
8784 0.00003
3348 0.00003
13563 0.00003
13566 0.00003
9450 0.00003
9791 0.00003
9425 0.00003
16942 0.00003
8758 0.00003
10707 0.00003
10181 0.00003
3127 0.00003
19003 0.00003
5569 0.00003
3403 0.00003
19614 0.00003
20250 0.00003
11418 0.00003
13061 0.00003
9662 0.00003
12867 0.00003
13870 0.00003
2670 0.00003
15462 0.00003
1579 0.00003
1606 0.00003
21081 0.00003
21050 0.00003
15040 0.00003
14463 0.00003
13023 0.00003
7374 0.00003
3044 0.00003
9407 0.00003
17727 0.00003
16978 0.00003
18260 0.00003
4085 0.00003
8900 0.00003
14702 0.00003
14038 0.00003
7402 0.00003
16171 0.00003
14753 0.00003
4194 0.00003
6735 0.00003
15445 0.00003
267 0.00003
5204 0.00003
17366 0.00003
8763 0.00003
5389 0.00003
11739 0.00003
16988 0.00003
95 0.00003
5747 0.00003
824 0.00003
9809 0.00003
12156 0.00003
2738 0.00003
22576 0.00003
15164 0.00003
17550 0.00003
15649 0.00003
18036 0.00003
14996 0.00003
17033 0.00003
14012 0.00003
982 0.00003
8856 0.00003
17082 0.00003
9399 0.00003
13943 0.00003
6581 0.00003
19523 0.00003
10025 0.00003
19525 0.00003
18543 0.00003
19532 0.00003
9869 0.00003
19535 0.00003
19528 0.00003
7734 0.00003
16816 0.00003
7760 0.00003
19526 0.00003
6484 0.00003
9880 0.00003
12806 0.00003
7902 0.00003
4300 0.00003
4241 0.00003
2712 0.00003
269 0.00003
16219 0.00003
13076 0.00003
16249 0.00003
8231 0.00003
8091 0.00003
18097 0.00003
14040 0.00003
5047 0.00003
8564 0.00003
4687 0.00003
9176 0.00003
9179 0.00003
5379 0.00003
22239 0.00003
9151 0.00003
7357 0.00003
9964 0.00003
9268 0.00003
8844 0.00003
16216 0.00003
14696 0.00003
10584 0.00003
12369 0.00003
12483 0.00003
8512 0.00003
10294 0.00003
8132 0.00003
18603 0.00003
2482 0.00003
23088 0.00003
3006 0.00003
16910 0.00003
7142 0.00003
7123 0.00003
4986 0.00003
4998 0.00003
5049 0.00003
21244 0.00003
4431 0.00003
12748 0.00003
4539 0.00003
10264 0.00003
16370 0.00003
15752 0.00003
10822 0.00003
14255 0.00003
1441 0.00003
13083 0.00003
13085 0.00003
12963 0.00003
16737 0.00003
2330 0.00003
5652 0.00003
17098 0.00003
6772 0.00003
11291 0.00003
16109 0.00003
2143 0.00003
5509 0.00003
12602 0.00003
13106 0.00003
3168 0.00003
12117 0.00003
15240 0.00003
1669 0.00003
1684 0.00003
8865 0.00003
11222 0.00003
1830 0.00003
1834 0.00003
12830 0.00003
12070 0.00003
2664 0.00003
13089 0.00003
7508 0.00003
5511 0.00003
20921 0.00003
6894 0.00003
3446 0.00003
14478 0.00003
18877 0.00003
14514 0.00003
15009 0.00003
5836 0.00003
4881 0.00003
370 0.00003
19585 0.00003
19586 0.00003
8588 0.00003
5651 0.00003
5615 0.00003
19474 0.00003
14183 0.00003
12981 0.00003
7583 0.00003
2465 0.00003
21757 0.00003
8255 0.00003
19730 0.00003
6417 0.00003
6424 0.00003
12444 0.00003
13310 0.00003
13309 0.00003
7280 0.00003
7273 0.00003
13507 0.00003
14802 0.00003
14801 0.00003
17573 0.00003
12049 0.00003
2479 0.00003
3919 0.00003
10414 0.00003
12520 0.00003
14047 0.00003
8571 0.00003
7343 0.00003
10559 0.00003
5437 0.00003
6709 0.00003
6990 0.00003
10385 0.00003
6661 0.00003
16274 0.00003
318 0.00003
13250 0.00003
4659 0.00003
6774 0.00003
9218 0.00003
11977 0.00003
19788 0.00003
13875 0.00003
15028 0.00003
12644 0.00003
4837 0.00003
11694 0.00003
2598 0.00003
7154 0.00003
10629 0.00003
13788 0.00003
13267 0.00003
256 0.00003
1534 0.00003
18369 0.00003
11446 0.00003
11447 0.00003
17538 0.00003
22149 0.00003
21829 0.00003
14623 0.00003
1490 0.00003
11491 0.00003
7708 0.00003
838 0.00003
21041 0.00003
16495 0.00003
16335 0.00003
16639 0.00003
11940 0.00003
8917 0.00003
3255 0.00003
20086 0.00003
9220 0.00003
8176 0.00003
19022 0.00003
9012 0.00003
5613 0.00003
5614 0.00003
9800 0.00003
9804 0.00003
11546 0.00003
11547 0.00003
3298 0.00003
21260 0.00003
14217 0.00003
6028 0.00003
9721 0.00003
13747 0.00003
12668 0.00003
10430 0.00003
8610 0.00003
22109 0.00003
10021 0.00003
215 0.00003
10251 0.00003
15074 0.00003
7336 0.00003
3904 0.00003
3914 0.00003
6184 0.00003
12518 0.00003
1624 0.00003
8441 0.00003
13452 0.00003
11607 0.00003
2054 0.00003
10352 0.00003
16212 0.00003
14391 0.00003
8523 0.00003
57 0.00003
3695 0.00003
9325 0.00003
18554 0.00003
14072 0.00003
18566 0.00003
13108 0.00003
7639 0.00003
8949 0.00003
15047 0.00003
7385 0.00003
19187 0.00003
5214 0.00003
6834 0.00003
3931 0.00003
19186 0.00003
19715 0.00003
7755 0.00003
2716 0.00003
3466 0.00003
15306 0.00003
7769 0.00003
7770 0.00003
7768 0.00003
8408 0.00003
16186 0.00003
10296 0.00003
7712 0.00003
17637 0.00003
16896 0.00003
19348 0.00003
10507 0.00003
8555 0.00003
9881 0.00003
14179 0.00003
6466 0.00003
15575 0.00003
8275 0.00003
11860 0.00003
17059 0.00003
6460 0.00003
12205 0.00003
19509 0.00003
5754 0.00003
5765 0.00003
4397 0.00003
17061 0.00003
206 0.00003
3680 0.00003
9028 0.00003
20280 0.00003
6370 0.00003
19059 0.00003
15137 0.00003
9749 0.00003
4215 0.00003
9326 0.00003
12794 0.00003
10983 0.00003
4258 0.00003
13790 0.00003
10720 0.00003
12657 0.00003
18879 0.00003
18881 0.00003
17572 0.00003
15377 0.00003
13856 0.00003
14103 0.00003
14059 0.00003
4347 0.00003
8238 0.00003
17919 0.00003
10568 0.00003
8507 0.00003
19702 0.00003
8474 0.00003
8496 0.00003
14594 0.00003
5609 0.00003
286 0.00003
365 0.00003
1505 0.00003
11856 0.00003
11863 0.00003
11866 0.00003
10441 0.00003
8710 0.00003
8711 0.00003
4094 0.00003
15685 0.00003
7249 0.00003
9139 0.00003
5707 0.00003
860 0.00003
13104 0.00003
6001 0.00003
15239 0.00003
9861 0.00003
15016 0.00003
6078 0.00003
15540 0.00003
12614 0.00003
8534 0.00003
6378 0.00003
17843 0.00003
21960 0.00003
4739 0.00003
291 0.00003
19542 0.00003
1630 0.00003
21479 0.00003
11901 0.00003
16438 0.00003
16967 0.00003
11208 0.00003
5242 0.00003
8912 0.00003
3236 0.00003
13368 0.00003
5601 0.00003
6759 0.00003
11655 0.00003
15785 0.00003
786 0.00003
9686 0.00003
19712 0.00003
6237 0.00003
7989 0.00003
43 0.00003
17474 0.00003
13172 0.00003
6743 0.00003
13583 0.00003
10012 0.00003
5945 0.00003
8232 0.00003
5268 0.00003
9356 0.00003
7247 0.00003
12907 0.00003
3792 0.00003
16884 0.00003
13832 0.00003
11458 0.00003
1766 0.00003
8424 0.00003
936 0.00003
19416 0.00003
4547 0.00003
5670 0.00003
11479 0.00003
19553 0.00003
7437 0.00003
4269 0.00003
3090 0.00003
1633 0.00003
9443 0.00003
750 0.00003
7360 0.00003
6679 0.00003
14313 0.00003
19497 0.00003
6007 0.00003
2951 0.00003
12788 0.00003
20596 0.00003
5644 0.00003
6180 0.00003
19444 0.00003
10503 0.00003
12574 0.00003
16991 0.00003
5085 0.00003
12192 0.00003
13600 0.00003
19908 0.00003
13197 0.00003
13198 0.00003
15211 0.00003
15595 0.00003
15926 0.00003
7136 0.00003
6170 0.00003
14222 0.00003
12903 0.00003
5364 0.00003
12221 0.00003
19436 0.00003
7155 0.00003
18652 0.00003
7889 0.00003
11395 0.00003
2763 0.00003
12759 0.00003
3617 0.00003
19765 0.00003
19105 0.00003
5373 0.00003
7318 0.00003
16908 0.00003
9719 0.00003
4160 0.00003
7265 0.00003
22296 0.00003
13748 0.00003
1598 0.00003
10246 0.00003
12054 0.00003
9987 0.00003
2709 0.00003
7920 0.00003
7801 0.00003
9198 0.00003
18628 0.00003
8066 0.00003
7188 0.00003
14608 0.00003
4468 0.00003
12271 0.00003
10588 0.00003
1604 0.00003
5781 0.00003
19 0.00003
7004 0.00003
13560 0.00003
7679 0.00003
13365 0.00003
10830 0.00003
13580 0.00003
6428 0.00003
7121 0.00003
14997 0.00003
3256 0.00003
14346 0.00003
8916 0.00003
1275 0.00003
9607 0.00003
7179 0.00003
6606 0.00003
11399 0.00003
4348 0.00003
16487 0.00003
11225 0.00003
3309 0.00003
7501 0.00003
15062 0.00003
8551 0.00003
17640 0.00003
6968 0.00003
7452 0.00003
8396 0.00003
7563 0.00003
18997 0.00003
15170 0.00003
6557 0.00003
5712 0.00003
15023 0.00003
3824 0.00003
6944 0.00003
6489 0.00003
10132 0.00003
3607 0.00003
1170 0.00003
4710 0.00003
2559 0.00003
13114 0.00003
14401 0.00003
7488 0.00003
2086 0.00003
14733 0.00003
2961 0.00003
8636 0.00003
21015 0.00003
15215 0.00003
9890 0.00003
5842 0.00003
5845 0.00003
1466 0.00003
9601 0.00003
9289 0.00003
6523 0.00003
6536 0.00003
6527 0.00003
11259 0.00003
14534 0.00003
10256 0.00003
7840 0.00003
5810 0.00003
6409 0.00003
20170 0.00003
4912 0.00003
20175 0.00003
10649 0.00003
5737 0.00003
3355 0.00003
5753 0.00003
15381 0.00003
6988 0.00003
7605 0.00003
17916 0.00003
8320 0.00003
11558 0.00003
3811 0.00003
11218 0.00003
5535 0.00003
4830 0.00003
6788 0.00003
4018 0.00003
10558 0.00003
10557 0.00003
10560 0.00003
10563 0.00003
20154 0.00003
12065 0.00003
18971 0.00003
9980 0.00003
5698 0.00003
2787 0.00003
8565 0.00003
3878 0.00003
11270 0.00003
6833 0.00003
13163 0.00003
1578 0.00003
16895 0.00003
13857 0.00003
42 0.00003
19680 0.00003
22950 0.00003
20679 0.00003
4019 0.00003
21659 0.00003
5207 0.00003
12852 0.00003
6383 0.00003
6414 0.00003
8514 0.00003
14161 0.00003
15172 0.00003
6223 0.00003
8188 0.00003
13232 0.00003
9624 0.00003
9893 0.00003
13317 0.00003
9728 0.00003
16972 0.00003
7596 0.00003
15037 0.00003
2593 0.00003
2594 0.00003
5281 0.00003
11560 0.00003
4002 0.00003
2842 0.00003
204 0.00003
3724 0.00003
4072 0.00003
21106 0.00003
14461 0.00003
2501 0.00003
7100 0.00003
17396 0.00003
10592 0.00003
13862 0.00003
20688 0.00003
13369 0.00003
11160 0.00003
2589 0.00003
13135 0.00003
10615 0.00003
5215 0.00003
9035 0.00003
15049 0.00003
7584 0.00003
2071 0.00003
1719 0.00003
1748 0.00003
5481 0.00003
20715 0.00003
8890 0.00003
5793 0.00003
5796 0.00003
5797 0.00003
5798 0.00003
5802 0.00003
5807 0.00003
4716 0.00003
5811 0.00003
15447 0.00003
15355 0.00003
13710 0.00003
5499 0.00003
5261 0.00003
13291 0.00003
12273 0.00003
4914 0.00003
7392 0.00003
14817 0.00003
12618 0.00003
2021 0.00003
14540 0.00003
14204 0.00003
13739 0.00003
4066 0.00003
16592 0.00003
18405 0.00003
7140 0.00003
9429 0.00003
4843 0.00003
19024 0.00003
7118 0.00003
3673 0.00003
7314 0.00003
4159 0.00003
6030 0.00003
96 0.00003
22111 0.00003
19728 0.00003
14914 0.00003
3522 0.00003
8430 0.00003
4277 0.00003
1510 0.00003
11746 0.00003
4474 0.00003
6033 0.00003
17753 0.00003
23027 0.00003
7790 0.00003
7791 0.00003
19290 0.00003
19292 0.00003
18075 0.00003
19294 0.00003
10750 0.00003
20378 0.00003
12882 0.00003
14387 0.00003
19219 0.00003
3147 0.00003
4286 0.00003
9270 0.00003
4375 0.00003
1327 0.00003
8209 0.00003
19087 0.00003
22278 0.00003
21375 0.00003
5087 0.00003
8369 0.00003
8360 0.00003
5082 0.00003
8364 0.00003
5676 0.00003
2567 0.00003
17899 0.00003
9832 0.00003
13060 0.00003
2672 0.00003
4083 0.00003
14578 0.00003
8633 0.00003
7926 0.00003
8727 0.00003
7538 0.00003
19590 0.00003
7223 0.00003
6691 0.00003
4433 0.00003
5839 0.00003
10144 0.00003
11870 0.00003
10143 0.00003
7935 0.00003
1882 0.00003
8560 0.00003
14247 0.00003
4171 0.00003
18467 0.00003
6227 0.00003
8642 0.00003
5368 0.00003
5097 0.00003
10490 0.00003
21027 0.00003
13408 0.00003
13573 0.00003
5593 0.00003
9074 0.00003
6480 0.00003
14836 0.00003
15624 0.00003
8211 0.00003
2557 0.00003
14741 0.00003
11869 0.00003
6352 0.00003
21278 0.00003
18219 0.00003
9114 0.00003
6479 0.00003
8033 0.00003
13473 0.00003
17146 0.00003
21957 0.00003
19591 0.00003
15334 0.00003
6551 0.00003
22816 0.00003
19125 0.00003
18561 0.00003
16662 0.00003
12184 0.00003
3750 0.00003
9087 0.00003
3831 0.00003
3830 0.00003
3823 0.00003
15961 0.00003
2386 0.00003
3964 0.00003
6682 0.00003
3781 0.00003
6280 0.00003
14446 0.00003
5427 0.00003
9121 0.00003
5128 0.00003
10450 0.00003
5958 0.00003
5291 0.00003
19540 0.00003
19541 0.00003
19543 0.00003
19517 0.00003
16794 0.00003
15142 0.00003
11154 0.00003
20763 0.00003
14025 0.00003
14457 0.00003
7141 0.00003
6874 0.00003
9112 0.00003
12636 0.00003
101 0.00003
9090 0.00003
21972 0.00003
8240 0.00003
7077 0.00003
12075 0.00003
9003 0.00003
8599 0.00003
5298 0.00003
7256 0.00003
14068 0.00003
5786 0.00003
8002 0.00003
4340 0.00003
10236 0.00003
1477 0.00003
1489 0.00003
1494 0.00003
14636 0.00003
4259 0.00003
6027 0.00003
10249 0.00003
19757 0.00003
18415 0.00003
13783 0.00003
2732 0.00003
7533 0.00003
15098 0.00003
14582 0.00003
17855 0.00003
9327 0.00003
12970 0.00003
11904 0.00003
2695 0.00003
14950 0.00003
12177 0.00003
1002 0.00003
2879 0.00003
3117 0.00003
7204 0.00003
16262 0.00003
9966 0.00003
7084 0.00003
5536 0.00003
20329 0.00003
7444 0.00003
4163 0.00003
4712 0.00003
4705 0.00003
371 0.00003
8577 0.00003
10124 0.00003
9748 0.00003
18839 0.00003
4781 0.00003
3857 0.00003
14185 0.00003
8200 0.00003
10576 0.00003
15678 0.00003
9099 0.00003
3230 0.00003
3234 0.00003
3226 0.00003
3231 0.00003
7696 0.00003
3932 0.00003
12187 0.00003
20390 0.00003
17356 0.00003
16108 0.00003
2774 0.00003
8922 0.00003
18393 0.00003
8093 0.00003
8094 0.00003
13996 0.00003
21312 0.00003
77 0.00003
14428 0.00003
6636 0.00003
6762 0.00003
9432 0.00003
13214 0.00003
18211 0.00003
11265 0.00003
13431 0.00003
1383 0.00003
19838 0.00003
20845 0.00003
10709 0.00003
7959 0.00003
17503 0.00003
3054 0.00003
14716 0.00003
17030 0.00003
14707 0.00003
9697 0.00003
9654 0.00003
9641 0.00003
6442 0.00003
21371 0.00003
12013 0.00003
8609 0.00003
6620 0.00003
13470 0.00003
8486 0.00003
15610 0.00003
12756 0.00003
13760 0.00003
19283 0.00003
15415 0.00003
10290 0.00003
15255 0.00003
12366 0.00003
10705 0.00003
10708 0.00003
15833 0.00003
15714 0.00003
15710 0.00003
6890 0.00003
4391 0.00003
4211 0.00003
7695 0.00003
15435 0.00003
4779 0.00003
5606 0.00003
9821 0.00003
13043 0.00003
13511 0.00003
17653 0.00003
17654 0.00003
9079 0.00003
8646 0.00003
14051 0.00003
14045 0.00003
3141 0.00003
1161 0.00003
1273 0.00003
18550 0.00003
5934 0.00003
7131 0.00003
19112 0.00003
21507 0.00003
10268 0.00003
4212 0.00003
15303 0.00003
15304 0.00003
15305 0.00003
18658 0.00003
13140 0.00003
7029 0.00003
4608 0.00003
4672 0.00003
14617 0.00003
20818 0.00003
8118 0.00003
13216 0.00003
6747 0.00003
18975 0.00003
15683 0.00003
10831 0.00003
2909 0.00003
4251 0.00003
13956 0.00003
12677 0.00003
6426 0.00003
6427 0.00003
1764 0.00003
4398 0.00003
14596 0.00003
14597 0.00003
10371 0.00003
3572 0.00003
3627 0.00003
3629 0.00003
3631 0.00003
15313 0.00003
2015 0.00003
6283 0.00003
14734 0.00003
10305 0.00003
6205 0.00003
11095 0.00003
20060 0.00003
3367 0.00003
14134 0.00003
14136 0.00003
14138 0.00003
15344 0.00003
7777 0.00003
16480 0.00003
20939 0.00003
2704 0.00003
18220 0.00003
10950 0.00003
20593 0.00003
20103 0.00003
11480 0.00003
9183 0.00003
7924 0.00003
18490 0.00003
16484 0.00003
13559 0.00003
12564 0.00003
8715 0.00003
6169 0.00003
6167 0.00003
13745 0.00003
6219 0.00003
4832 0.00003
15157 0.00003
276 0.00003
14430 0.00003
19100 0.00003
18574 0.00003
4135 0.00003
7455 0.00003
18987 0.00003
19164 0.00003
3306 0.00003
14731 0.00003
4204 0.00003
13110 0.00003
14203 0.00003
3581 0.00003
14961 0.00003
3421 0.00003
1529 0.00003
14521 0.00003
7474 0.00003
5935 0.00003
783 0.00003
9180 0.00003
17779 0.00003
5848 0.00003
12348 0.00003
852 0.00003
11543 0.00003
14021 0.00003
11319 0.00003
11340 0.00003
6640 0.00003
3107 0.00003
5699 0.00003
15171 0.00003
312 0.00003
9400 0.00003
14359 0.00003
14360 0.00003
1854 0.00003
8793 0.00003
10321 0.00003
10322 0.00003
6888 0.00003
13456 0.00003
16211 0.00003
15167 0.00003
16110 0.00003
7713 0.00003
6761 0.00003
8099 0.00003
1171 0.00003
4702 0.00003
10179 0.00003
5718 0.00003
8336 0.00003
3926 0.00003
8428 0.00003
8414 0.00003
6452 0.00003
19344 0.00003
12623 0.00003
487 0.00003
17308 0.00003
12493 0.00003
7277 0.00003
13109 0.00003
15898 0.00003
14778 0.00003
9674 0.00003
10311 0.00003
15816 0.00003
4200 0.00003
14199 0.00003
20105 0.00003
20926 0.00003
16944 0.00003
12236 0.00003
20924 0.00003
16943 0.00003
20918 0.00003
12235 0.00003
20925 0.00003
9101 0.00003
18221 0.00003
19261 0.00003
11247 0.00003
5639 0.00003
699 0.00003
18422 0.00003
5994 0.00003
17415 0.00003
21835 0.00003
4429 0.00003
9113 0.00003
10239 0.00003
3908 0.00003
9133 0.00003
9135 0.00003
9144 0.00003
5960 0.00003
5822 0.00003
1985 0.00003
21363 0.00003
9411 0.00003
19074 0.00003
14067 0.00003
17364 0.00003
10954 0.00003
5090 0.00003
19205 0.00003
9945 0.00003
17479 0.00003
6494 0.00003
19044 0.00003
6684 0.00003
13288 0.00003
5523 0.00003
14317 0.00003
22640 0.00003
22642 0.00003
5632 0.00003
5695 0.00003
8860 0.00003
8879 0.00003
20304 0.00003
18876 0.00003
3253 0.00003
3080 0.00003
14856 0.00003
8201 0.00003
18578 0.00003
6736 0.00003
3728 0.00003
6010 0.00003
10722 0.00003
8271 0.00003
12259 0.00003
8630 0.00003
17331 0.00003
17395 0.00003
13771 0.00003
8287 0.00003
10929 0.00003
8252 0.00003
14809 0.00003
6857 0.00003
8799 0.00003
13025 0.00003
22072 0.00003
5954 0.00003
16937 0.00003
10906 0.00003
12140 0.00003
18509 0.00003
14285 0.00003
13989 0.00003
13975 0.00003
6043 0.00003
17155 0.00003
19141 0.00003
19632 0.00003
8247 0.00003
19762 0.00003
17084 0.00003
14011 0.00003
4178 0.00003
8924 0.00003
15232 0.00003
17518 0.00003
17532 0.00003
14289 0.00003
15794 0.00003
8807 0.00003
19425 0.00003
21493 0.00003
10127 0.00003
14030 0.00003
7803 0.00003
17436 0.00003
22101 0.00003
21125 0.00003
17088 0.00003
18250 0.00003
14673 0.00003
19240 0.00003
13741 0.00003
16373 0.00003
22108 0.00003
5950 0.00003
21252 0.00003
11685 0.00003
3877 0.00003
10171 0.00003
11683 0.00003
13046 0.00003
8702 0.00003
10303 0.00003
8346 0.00003
8127 0.00003
11780 0.00003
11615 0.00003
11012 0.00003
16886 0.00003
15694 0.00003
10241 0.00003
7211 0.00003
12679 0.00003
4079 0.00003
19071 0.00003
2497 0.00003
2708 0.00003
4049 0.00003
4050 0.00003
3612 0.00003
20169 0.00003
16700 0.00003
20171 0.00003
20172 0.00003
20173 0.00003
20174 0.00003
13582 0.00003
350 0.00003
15065 0.00003
8886 0.00003
18865 0.00003
18864 0.00003
12544 0.00003
12548 0.00003
138 0.00003
5388 0.00003
6964 0.00003
6974 0.00003
6976 0.00003
6957 0.00003
6980 0.00003
6159 0.00003
2522 0.00003
11916 0.00003
11983 0.00003
6979 0.00003
8481 0.00003
17416 0.00003
10370 0.00003
10373 0.00003
8729 0.00003
7767 0.00003
8958 0.00003
16704 0.00003
2475 0.00003
11897 0.00003
18102 0.00003
3289 0.00003
22820 0.00003
22389 0.00003
15641 0.00003
3051 0.00003
9811 0.00003
5636 0.00003
17288 0.00003
20205 0.00003
16915 0.00003
17365 0.00003
13753 0.00003
3648 0.00003
3650 0.00003
10464 0.00003
8191 0.00003
21317 0.00003
1811 0.00003
13120 0.00003
13122 0.00003
13121 0.00003
11568 0.00003
3192 0.00003
8811 0.00003
8812 0.00003
14936 0.00003
5550 0.00003
10692 0.00003
6892 0.00003
10877 0.00003
2803 0.00003
1309 0.00003
8433 0.00003
19432 0.00003
12694 0.00003
5604 0.00003
12439 0.00003
5288 0.00003
22325 0.00003
5773 0.00003
9319 0.00003
7263 0.00003
18073 0.00003
19665 0.00003
10694 0.00003
11887 0.00003
13885 0.00003
20975 0.00003
15436 0.00003
4520 0.00003
9676 0.00003
8628 0.00003
15984 0.00003
14112 0.00003
16439 0.00003
11795 0.00003
16434 0.00003
10941 0.00003
14429 0.00003
11613 0.00003
11614 0.00003
8116 0.00003
11670 0.00003
13649 0.00003
14499 0.00003
8744 0.00003
3813 0.00003
16224 0.00003
7370 0.00003
7368 0.00003
13964 0.00003
21000 0.00003
15420 0.00003
10140 0.00003
14660 0.00003
5621 0.00003
17525 0.00003
4709 0.00003
7868 0.00003
6081 0.00003
9285 0.00003
11102 0.00003
13900 0.00003
3868 0.00003
9514 0.00003
11914 0.00003
11363 0.00003
7373 0.00003
14244 0.00003
9730 0.00003
11664 0.00003
8180 0.00003
4679 0.00003
11267 0.00003
6158 0.00003
3565 0.00003
11106 0.00003
12656 0.00003
12646 0.00003
13088 0.00003
10053 0.00003
10892 0.00003
7241 0.00003
10366 0.00003
11575 0.00003
10448 0.00003
4413 0.00003
11672 0.00003
17645 0.00003
10866 0.00003
8632 0.00003
3918 0.00003
7439 0.00003
8585 0.00003
8754 0.00003
7294 0.00003
10159 0.00003
14256 0.00003
21326 0.00003
21327 0.00003
10259 0.00003
4840 0.00003
5957 0.00003
2701 0.00003
1695 0.00003
12109 0.00003
4778 0.00003
17743 0.00003
16102 0.00003
17745 0.00003
17742 0.00003
15594 0.00003
17746 0.00003
16575 0.00003
17747 0.00003
13349 0.00003
5167 0.00003
12257 0.00003
17737 0.00003
17748 0.00003
17749 0.00003
14639 0.00003
17740 0.00003
17750 0.00003
13774 0.00003
8675 0.00003
17751 0.00003
17752 0.00003
15064 0.00003
7569 0.00003
11918 0.00003
17754 0.00003
16557 0.00003
15807 0.00003
17755 0.00003
12137 0.00003
19605 0.00003
9872 0.00003
19191 0.00003
12734 0.00003
13433 0.00003
5863 0.00003
294 0.00003
295 0.00003
12534 0.00003
14672 0.00003
2788 0.00003
22176 0.00003
5054 0.00003
16802 0.00003
11372 0.00003
6061 0.00003
5095 0.00003
11692 0.00003
16475 0.00003
16483 0.00003
1005 0.00003
5198 0.00003
13057 0.00003
4602 0.00003
4603 0.00003
4605 0.00003
4607 0.00003
4610 0.00003
2503 0.00003
13554 0.00003
13555 0.00003
13556 0.00003
5172 0.00003
13557 0.00003
13128 0.00003
5987 0.00003
11980 0.00003
18379 0.00003
11281 0.00003
11282 0.00003
11283 0.00003
11284 0.00003
11285 0.00003
12645 0.00003
3842 0.00003
18213 0.00003
2927 0.00003
17906 0.00003
17911 0.00003
17909 0.00003
7541 0.00003
15054 0.00003
5761 0.00003
416 0.00003
7295 0.00003
8192 0.00003
17957 0.00003
11881 0.00003
4543 0.00003
1856 0.00003
15576 0.00003
14034 0.00003
5075 0.00003
2483 0.00003
8826 0.00003
12038 0.00003
8757 0.00003
2604 0.00003
9419 0.00003
13818 0.00003
14099 0.00003
11981 0.00003
14857 0.00003
13584 0.00003
12272 0.00003
13773 0.00003
2773 0.00003
4243 0.00003
4244 0.00003
11879 0.00003
8548 0.00003
22538 0.00003
17434 0.00003
4395 0.00003
18537 0.00003
15111 0.00003
17046 0.00003
10013 0.00003
13513 0.00003
6826 0.00003
7197 0.00003
11582 0.00003
21349 0.00003
10837 0.00003
9998 0.00003
11929 0.00003
7706 0.00003
1991 0.00003
1639 0.00003
13080 0.00003
171 0.00003
18999 0.00003
9420 0.00003
21135 0.00003
5340 0.00003
7539 0.00003
15051 0.00003
14651 0.00003
11894 0.00003
12760 0.00003
12762 0.00003
12765 0.00003
11789 0.00003
12770 0.00003
20935 0.00003
15513 0.00003
18214 0.00003
18215 0.00003
2528 0.00003
20916 0.00003
4472 0.00003
11482 0.00003
11489 0.00003
12066 0.00003
2935 0.00003
12619 0.00003
7062 0.00003
22193 0.00003
14003 0.00003
7557 0.00003
17127 0.00003
8465 0.00003
8476 0.00003
17114 0.00003
6488 0.00003
12878 0.00003
11787 0.00003
14746 0.00003
21019 0.00003
20104 0.00003
13482 0.00003
2544 0.00003
2491 0.00003
10862 0.00003
12124 0.00003
18421 0.00003
7453 0.00003
16857 0.00003
5602 0.00003
12107 0.00003
12110 0.00003
13863 0.00003
13867 0.00003
21887 0.00003
6458 0.00003
8756 0.00003
9129 0.00003
18523 0.00003
6157 0.00003
3852 0.00003
3855 0.00003
16914 0.00003
13265 0.00003
13269 0.00003
15687 0.00003
6608 0.00003
14129 0.00003
4227 0.00003
14143 0.00003
10613 0.00003
4950 0.00003
9679 0.00003
10618 0.00003
51 0.00003
153 0.00003
3882 0.00003
12693 0.00003
9102 0.00003
4518 0.00003
45 0.00003
156 0.00003
6155 0.00003
22307 0.00003
17449 0.00003
13051 0.00003
3026 0.00003
6745 0.00003
6573 0.00003
10141 0.00003
8717 0.00003
14653 0.00003
4186 0.00003
13805 0.00003
10506 0.00003
5869 0.00003
10607 0.00003
10627 0.00003
12356 0.00003
19122 0.00003
3577 0.00003
19156 0.00003
19929 0.00003
3324 0.00003
5565 0.00003
17161 0.00003
8097 0.00003
7151 0.00003
7546 0.00003
2772 0.00003
2775 0.00003
2777 0.00003
2778 0.00003
2780 0.00003
2782 0.00003
2784 0.00003
2789 0.00003
2790 0.00003
2791 0.00003
5278 0.00003
4708 0.00003
20191 0.00003
2756 0.00003
15022 0.00003
12536 0.00003
4283 0.00003
13685 0.00003
16660 0.00003
4944 0.00003
17097 0.00003
9076 0.00003
17523 0.00003
20302 0.00003
17955 0.00003
19036 0.00003
6817 0.00003
14544 0.00003
5392 0.00003
22768 0.00003
9792 0.00003
8509 0.00003
8510 0.00003
5168 0.00003
6322 0.00003
17164 0.00003
20115 0.00003
6559 0.00003
13504 0.00003
20346 0.00003
20013 0.00003
13947 0.00003
4256 0.00003
8034 0.00003
13472 0.00003
17145 0.00003
21958 0.00003
8213 0.00003
16207 0.00003
22885 0.00003
22887 0.00003
3039 0.00003
4091 0.00003
2691 0.00003
15036 0.00003
14041 0.00003
16032 0.00003
12468 0.00003
7737 0.00003
8331 0.00003
17038 0.00003
14027 0.00003
3157 0.00003
7766 0.00003
5867 0.00003
19301 0.00003
19302 0.00003
14120 0.00003
13123 0.00003
19303 0.00003
7275 0.00003
13448 0.00003
14094 0.00003
11288 0.00003
6562 0.00003
15877 0.00003
15657 0.00003
17888 0.00003
17889 0.00003
17879 0.00003
17884 0.00003
17883 0.00003
17885 0.00003
17873 0.00003
17872 0.00003
17865 0.00003
17863 0.00003
17867 0.00003
17871 0.00003
17870 0.00003
7017 0.00003
8597 0.00003
6991 0.00003
12234 0.00003
10220 0.00003
20889 0.00003
19747 0.00003
17603 0.00003
13463 0.00003
4515 0.00003
11538 0.00003
11946 0.00003
18597 0.00003
10821 0.00003
7780 0.00003
20860 0.00003
12928 0.00003
22160 0.00003
22473 0.00003
4822 0.00003
9996 0.00003
6365 0.00003
5171 0.00003
6368 0.00003
6376 0.00003
6377 0.00003
6380 0.00003
6385 0.00003
6390 0.00003
6399 0.00003
6400 0.00003
6405 0.00003
6406 0.00003
6411 0.00003
6413 0.00003
6421 0.00003
6422 0.00003
2129 0.00003
12139 0.00003
4344 0.00003
10726 0.00003
6677 0.00003
13229 0.00003
4027 0.00003
7193 0.00003
12222 0.00003
7835 0.00003
11924 0.00003
6338 0.00003
3644 0.00003
6350 0.00003
4903 0.00003
12201 0.00003
7269 0.00003
13375 0.00003
21026 0.00003
2502 0.00003
14613 0.00003
6478 0.00003
11603 0.00003
9075 0.00003
15918 0.00003
7060 0.00003
15723 0.00003
6564 0.00003
15644 0.00003
15280 0.00003
15645 0.00003
12594 0.00003
7063 0.00003
2509 0.00003
4940 0.00003
10620 0.00003
3916 0.00003
7156 0.00003
6629 0.00003
6161 0.00003
10047 0.00003
16652 0.00003
15340 0.00003
17613 0.00003
10614 0.00003
20936 0.00003
3491 0.00003
4402 0.00003
5849 0.00003
22448 0.00003
13618 0.00003
8661 0.00003
4878 0.00003
9982 0.00003
4848 0.00003
3999 0.00003
14815 0.00003
19565 0.00003
19566 0.00003
5879 0.00003
10630 0.00003
7923 0.00003
7928 0.00003
2448 0.00003
10550 0.00003
1934 0.00003
1935 0.00003
1938 0.00003
7953 0.00003
13970 0.00003
11599 0.00003
11912 0.00003
10063 0.00003
10386 0.00003
9020 0.00003
18914 0.00003
13743 0.00003
3161 0.00003
4028 0.00003
8398 0.00003
7171 0.00003
14911 0.00003
14628 0.00003
12442 0.00003
8652 0.00003
13044 0.00003
9300 0.00003
7505 0.00003
6619 0.00003
15689 0.00003
11872 0.00003
9538 0.00003
12633 0.00003
20803 0.00003
10030 0.00003
16758 0.00003
1139 0.00003
1142 0.00003
2298 0.00003
2552 0.00003
8941 0.00003
13011 0.00003
13054 0.00003
10784 0.00003
9994 0.00003
9995 0.00003
9999 0.00003
10001 0.00003
10002 0.00003
4110 0.00003
16928 0.00003
17836 0.00003
15574 0.00003
3411 0.00003
10682 0.00003
360 0.00003
8305 0.00003
10736 0.00003
11221 0.00003
14054 0.00003
16763 0.00003
16626 0.00003
15818 0.00003
5592 0.00003
15092 0.00003
15451 0.00003
4157 0.00003
17544 0.00003
15188 0.00003
17052 0.00003
20907 0.00003
10817 0.00003
14839 0.00003
11667 0.00003
2121 0.00003
12252 0.00003
12251 0.00003
12253 0.00003
12357 0.00003
12473 0.00003
17827 0.00003
15577 0.00003
13063 0.00003
17184 0.00003
10735 0.00003
14283 0.00003
4724 0.00003
14487 0.00003
8827 0.00003
1644 0.00003
7325 0.00003
2053 0.00003
18359 0.00003
804 0.00003
5814 0.00003
9871 0.00003
20055 0.00003
12885 0.00003
12707 0.00003
14942 0.00003
11532 0.00003
4260 0.00003
9900 0.00003
12165 0.00003
12172 0.00003
2549 0.00003
16808 0.00003
20015 0.00003
2538 0.00003
12389 0.00003
10522 0.00003
3766 0.00003
14058 0.00003
4423 0.00003
16591 0.00003
16594 0.00003
9793 0.00003
3024 0.00003
3058 0.00003
22280 0.00003
3030 0.00003
10142 0.00003
18980 0.00003
6602 0.00003
19961 0.00003
21838 0.00003
3780 0.00003
6255 0.00003
2735 0.00003
17759 0.00003
12335 0.00003
22769 0.00003
13714 0.00003
13301 0.00003
20454 0.00003
4147 0.00003
9937 0.00003
7870 0.00003
3370 0.00003
14098 0.00003
17776 0.00003
19577 0.00003
11417 0.00003
1999 0.00003
16369 0.00003
12774 0.00003
5995 0.00003
16273 0.00003
3714 0.00003
9442 0.00003
7910 0.00003
9449 0.00003
9451 0.00003
5096 0.00003
5664 0.00003
2747 0.00003
17027 0.00003
15997 0.00003
17053 0.00003
6445 0.00003
17055 0.00003
17023 0.00003
17058 0.00003
17064 0.00003
9072 0.00003
17026 0.00003
17022 0.00003
17066 0.00003
17024 0.00003
17070 0.00003
7124 0.00003
17025 0.00003
17073 0.00003
11617 0.00003
5134 0.00003
9172 0.00003
20782 0.00003
7299 0.00003
15131 0.00003
3351 0.00003
21521 0.00003
2692 0.00003
12836 0.00003
15005 0.00003
15006 0.00003
15008 0.00003
15010 0.00003
11792 0.00003
15012 0.00003
8830 0.00003
16980 0.00003
16431 0.00003
16435 0.00003
11081 0.00003
16436 0.00003
12956 0.00003
2384 0.00003
3269 0.00003
10270 0.00003
10271 0.00003
10277 0.00003
10279 0.00003
10285 0.00003
10288 0.00003
3963 0.00003
10291 0.00003
10292 0.00003
10297 0.00003
10299 0.00003
10300 0.00003
11436 0.00003
4761 0.00003
9805 0.00003
7199 0.00003
21337 0.00003
2340 0.00003
17476 0.00003
17672 0.00003
12191 0.00003
19403 0.00003
15872 0.00003
17385 0.00003
11013 0.00003
14118 0.00003
8569 0.00003
17828 0.00003
19407 0.00003
7718 0.00003
6554 0.00003
19410 0.00003
19411 0.00003
13379 0.00003
15956 0.00003
14531 0.00003
6135 0.00003
19413 0.00003
19414 0.00003
5544 0.00003
17267 0.00003
17692 0.00003
14546 0.00003
10404 0.00003
10243 0.00003
6002 0.00003
13262 0.00003
1288 0.00003
3743 0.00003
20131 0.00003
16903 0.00003
16905 0.00003
10551 0.00003
10397 0.00003
9424 0.00003
10400 0.00003
3424 0.00003
18282 0.00003
11021 0.00003
11020 0.00003
16746 0.00003
5744 0.00003
8382 0.00003
11089 0.00003
7375 0.00003
5472 0.00003
4264 0.00003
2081 0.00003
33 0.00003
14948 0.00003
7426 0.00003
12542 0.00003
10158 0.00003
22324 0.00003
7484 0.00003
22526 0.00003
10202 0.00003
14720 0.00003
14722 0.00003
13780 0.00003
14732 0.00003
8459 0.00003
6659 0.00003
20071 0.00003
5219 0.00003
9346 0.00003
10976 0.00003
16490 0.00003
8953 0.00003
15891 0.00003
16925 0.00003
14555 0.00003
16926 0.00003
2139 0.00003
17783 0.00003
13221 0.00003
8411 0.00003
8412 0.00003
19058 0.00003
13898 0.00003
19061 0.00003
19062 0.00003
8262 0.00003
14665 0.00003
13430 0.00003
9046 0.00003
11314 0.00003
11317 0.00003
11337 0.00003
18551 0.00003
14440 0.00003
8624 0.00003
8621 0.00003
9960 0.00003
11133 0.00003
6493 0.00003
15952 0.00003
8720 0.00003
20362 0.00003
21322 0.00003
7917 0.00003
12818 0.00003
8820 0.00003
11931 0.00003
7045 0.00003
18172 0.00003
15193 0.00003
16734 0.00003
15015 0.00003
6909 0.00003
6910 0.00003
11747 0.00003
6589 0.00003
12229 0.00003
12230 0.00003
12232 0.00003
14135 0.00003
13480 0.00003
14141 0.00003
14142 0.00003
14144 0.00003
14147 0.00003
14148 0.00003
14150 0.00003
4229 0.00003
14151 0.00003
14152 0.00003
2413 0.00003
6196 0.00003
6986 0.00003
12596 0.00003
8042 0.00003
5581 0.00003
20382 0.00003
11752 0.00003
5275 0.00003
11470 0.00003
9550 0.00003
3893 0.00003
14166 0.00003
20465 0.00003
16979 0.00003
3353 0.00003
19575 0.00003
18248 0.00003
19381 0.00003
6915 0.00003
10596 0.00003
6820 0.00003
1880 0.00003
14679 0.00003
13008 0.00003
12631 0.00003
10638 0.00003
2336 0.00003
3328 0.00003
13794 0.00003
20178 0.00003
20179 0.00003
4032 0.00003
10865 0.00003
3641 0.00003
20414 0.00003
13854 0.00003
9887 0.00003
10601 0.00003
16201 0.00003
17445 0.00003
16977 0.00003
13852 0.00003
15097 0.00003
1855 0.00003
7380 0.00003
7922 0.00003
17660 0.00003
17623 0.00003
22560 0.00003
13242 0.00003
19903 0.00003
263 0.00003
12624 0.00003
14417 0.00003
12575 0.00003
306 0.00003
3869 0.00003
17517 0.00003
4791 0.00003
4278 0.00003
7072 0.00003
18594 0.00003
18146 0.00003
19226 0.00003
14627 0.00003
9148 0.00003
8272 0.00003
20687 0.00003
4767 0.00003
15753 0.00003
15671 0.00003
3927 0.00003
12671 0.00003
4532 0.00003
4540 0.00003
4542 0.00003
21223 0.00003
9305 0.00003
8431 0.00003
9794 0.00003
3104 0.00003
8119 0.00003
9189 0.00003
10164 0.00003
17316 0.00003
17324 0.00003
2733 0.00003
9430 0.00003
13903 0.00003
5837 0.00003
17580 0.00003
22655 0.00003
13022 0.00003
4293 0.00003
4197 0.00003
5450 0.00003
8587 0.00003
10081 0.00003
16657 0.00003
16656 0.00003
16654 0.00003
16653 0.00003
3981 0.00003
11557 0.00003
2809 0.00003
10248 0.00003
9323 0.00003
3417 0.00003
17086 0.00003
5201 0.00003
18314 0.00003
13540 0.00003
7416 0.00003
6914 0.00003
11794 0.00003
495 0.00003
8972 0.00003
2937 0.00003
10631 0.00003
16391 0.00003
14464 0.00003
14227 0.00003
8928 0.00003
6287 0.00003
19170 0.00003
22506 0.00003
17941 0.00003
17626 0.00003
4105 0.00003
15046 0.00003
11646 0.00003
21472 0.00003
13180 0.00003
2907 0.00003
11908 0.00003
16891 0.00003
14917 0.00003
13343 0.00003
2063 0.00003
18932 0.00003
10149 0.00003
9291 0.00003
22322 0.00003
10125 0.00003
9637 0.00003
8561 0.00003
12481 0.00003
9761 0.00003
14399 0.00003
17951 0.00003
17117 0.00003
19285 0.00003
18880 0.00003
13344 0.00003
12637 0.00003
13610 0.00003
6317 0.00003
2040 0.00003
4471 0.00003
3754 0.00003
12019 0.00003
6515 0.00003
5061 0.00003
16394 0.00003
21272 0.00003
5746 0.00003
5750 0.00003
243 0.00003
18370 0.00003
15676 0.00003
10553 0.00003
3170 0.00003
12725 0.00003
1820 0.00003
5448 0.00003
853 0.00003
5776 0.00003
13740 0.00003
2505 0.00003
19214 0.00003
19161 0.00003
21806 0.00003
22626 0.00003
9097 0.00003
19808 0.00003
14863 0.00003
12345 0.00003
12996 0.00003
13938 0.00003
8041 0.00003
13139 0.00003
5813 0.00003
15207 0.00003
13380 0.00003
9571 0.00003
10834 0.00003
6687 0.00003
3875 0.00003
11808 0.00003
5486 0.00003
4295 0.00003
4294 0.00003
4296 0.00003
11561 0.00003
15744 0.00003
15745 0.00003
15379 0.00003
12798 0.00003
12689 0.00003
13896 0.00003
7210 0.00003
6827 0.00003
7775 0.00003
15382 0.00003
15730 0.00003
15842 0.00003
11539 0.00003
8019 0.00003
3473 0.00003
14220 0.00003
16743 0.00003
12747 0.00003
8338 0.00003
13308 0.00003
12936 0.00003
12938 0.00003
6311 0.00003
15404 0.00003
11572 0.00003
8966 0.00003
38 0.00003
16873 0.00003
8003 0.00003
9131 0.00003
14351 0.00003
6203 0.00003
913 0.00003
15693 0.00003
15373 0.00003
14792 0.00003
8745 0.00003
21149 0.00003
8315 0.00003
7116 0.00003
5675 0.00003
20895 0.00003
5605 0.00003
19089 0.00003
7219 0.00003
15960 0.00003
10875 0.00003
7272 0.00003
13720 0.00003
3790 0.00003
4240 0.00003
4035 0.00003
15041 0.00003
16806 0.00003
1970 0.00003
6517 0.00003
6520 0.00003
6521 0.00003
6522 0.00003
6524 0.00003
6525 0.00003
6526 0.00003
6530 0.00003
6533 0.00003
10392 0.00003
4223 0.00003
10970 0.00003
8923 0.00003
19390 0.00003
16089 0.00003
16090 0.00003
10426 0.00003
9095 0.00003
16091 0.00003
8573 0.00003
2829 0.00003
2830 0.00003
2834 0.00003
4736 0.00003
12745 0.00003
2875 0.00003
10505 0.00003
12763 0.00003
12769 0.00003
17099 0.00003
17100 0.00003
17102 0.00003
20391 0.00003
3152 0.00003
2592 0.00003
18416 0.00003
10409 0.00003
10410 0.00003
8927 0.00003
4266 0.00003
3165 0.00003
10616 0.00003
14619 0.00003
18296 0.00003
11569 0.00003
11583 0.00003
16985 0.00003
18149 0.00003
23111 0.00003
12560 0.00003
18074 0.00003
12922 0.00003
6940 0.00003
5736 0.00003
5743 0.00003
5749 0.00003
5763 0.00003
5769 0.00003
20409 0.00003
22348 0.00003
16989 0.00003
13464 0.00003
13465 0.00003
13466 0.00003
16121 0.00003
1532 0.00003
15750 0.00003
9818 0.00003
6294 0.00003
18094 0.00003
12746 0.00003
11773 0.00002
19296 0.00002
19225 0.00002
9308 0.00002
7476 0.00002
8539 0.00002
16583 0.00002
9822 0.00002
18973 0.00002
14458 0.00002
19725 0.00002
18854 0.00002
16134 0.00002
7540 0.00002
4660 0.00002
11775 0.00002
11774 0.00002
7880 0.00002
6681 0.00002
6641 0.00002
6688 0.00002
6650 0.00002
6695 0.00002
19609 0.00002
14505 0.00002
6120 0.00002
5507 0.00002
17710 0.00002
21499 0.00002
6045 0.00002
13709 0.00002
12589 0.00002
20341 0.00002
14766 0.00002
14193 0.00002
21324 0.00002
6611 0.00002
15737 0.00002
15217 0.00002
17993 0.00002
17994 0.00002
16144 0.00002
7647 0.00002
13544 0.00002
17995 0.00002
17997 0.00002
17998 0.00002
8671 0.00002
8001 0.00002
12821 0.00002
17999 0.00002
18000 0.00002
12810 0.00002
18001 0.00002
7717 0.00002
14548 0.00002
7721 0.00002
16354 0.00002
3968 0.00002
6882 0.00002
4555 0.00002
18002 0.00002
18003 0.00002
17180 0.00002
8291 0.00002
15498 0.00002
18005 0.00002
18006 0.00002
5487 0.00002
7711 0.00002
18026 0.00002
16507 0.00002
18025 0.00002
14737 0.00002
18024 0.00002
6615 0.00002
19713 0.00002
19644 0.00002
15079 0.00002
4284 0.00002
12736 0.00002
4017 0.00002
4025 0.00002
7235 0.00002
7237 0.00002
7239 0.00002
7240 0.00002
7243 0.00002
7244 0.00002
7252 0.00002
7257 0.00002
7258 0.00002
7259 0.00002
7260 0.00002
4783 0.00002
6879 0.00002
7261 0.00002
12225 0.00002
12226 0.00002
6343 0.00002
10491 0.00002
9162 0.00002
7748 0.00002
17339 0.00002
20007 0.00002
19224 0.00002
17141 0.00002
15125 0.00002
5274 0.00002
3481 0.00002
11861 0.00002
11862 0.00002
11864 0.00002
9284 0.00002
9085 0.00002
17195 0.00002
3962 0.00002
20181 0.00002
3920 0.00002
8605 0.00002
10308 0.00002
10307 0.00002
12688 0.00002
8781 0.00002
10153 0.00002
12233 0.00002
9349 0.00002
13427 0.00002
15143 0.00002
11748 0.00002
13735 0.00002
6917 0.00002
19458 0.00002
19701 0.00002
15110 0.00002
20300 0.00002
20258 0.00002
5515 0.00002
18581 0.00002
13829 0.00002
7158 0.00002
15101 0.00002
5972 0.00002
16254 0.00002
12772 0.00002
10058 0.00002
8554 0.00002
16263 0.00002
10166 0.00002
9683 0.00002
9283 0.00002
21474 0.00002
8210 0.00002
14078 0.00002
9098 0.00002
7818 0.00002
15688 0.00002
3679 0.00002
19709 0.00002
14344 0.00002
4247 0.00002
5574 0.00002
6239 0.00002
8276 0.00002
4653 0.00002
4906 0.00002
3435 0.00002
18507 0.00002
18501 0.00002
6775 0.00002
1638 0.00002
13639 0.00002
9384 0.00002
15817 0.00002
20405 0.00002
2385 0.00002
16033 0.00002
16034 0.00002
13764 0.00002
8592 0.00002
8596 0.00002
11573 0.00002
5912 0.00002
8792 0.00002
4974 0.00002
4976 0.00002
4978 0.00002
4981 0.00002
4990 0.00002
4992 0.00002
4993 0.00002
5003 0.00002
5004 0.00002
5027 0.00002
1817 0.00002
5052 0.00002
13795 0.00002
4202 0.00002
11625 0.00002
11626 0.00002
11635 0.00002
14591 0.00002
10651 0.00002
856 0.00002
9739 0.00002
9740 0.00002
21376 0.00002
7535 0.00002
14910 0.00002
6943 0.00002
6924 0.00002
10675 0.00002
18913 0.00002
15916 0.00002
14370 0.00002
14214 0.00002
3732 0.00002
12261 0.00002
12260 0.00002
12262 0.00002
1408 0.00002
16371 0.00002
493 0.00002
5812 0.00002
19623 0.00002
13861 0.00002
14710 0.00002
14981 0.00002
16866 0.00002
1890 0.00002
2959 0.00002
15241 0.00002
12825 0.00002
15244 0.00002
15052 0.00002
15245 0.00002
15246 0.00002
15247 0.00002
14828 0.00002
5948 0.00002
14005 0.00002
7637 0.00002
3835 0.00002
13210 0.00002
15252 0.00002
13283 0.00002
14954 0.00002
15129 0.00002
15253 0.00002
12161 0.00002
4087 0.00002
15256 0.00002
14989 0.00002
15257 0.00002
7826 0.00002
7672 0.00002
15258 0.00002
15108 0.00002
15259 0.00002
5519 0.00002
15261 0.00002
15263 0.00002
15264 0.00002
15265 0.00002
14560 0.00002
6439 0.00002
15267 0.00002
8193 0.00002
15268 0.00002
15269 0.00002
15270 0.00002
15271 0.00002
14006 0.00002
15273 0.00002
8986 0.00002
8038 0.00002
15275 0.00002
13010 0.00002
15278 0.00002
14007 0.00002
13535 0.00002
14259 0.00002
14260 0.00002
8677 0.00002
6443 0.00002
20840 0.00002
10932 0.00002
12158 0.00002
15768 0.00002
20303 0.00002
5241 0.00002
5246 0.00002
2677 0.00002
2408 0.00002
10603 0.00002
12871 0.00002
4955 0.00002
15446 0.00002
12986 0.00002
10405 0.00002
5940 0.00002
4564 0.00002
17564 0.00002
17565 0.00002
7181 0.00002
3880 0.00002
3886 0.00002
3887 0.00002
3888 0.00002
3889 0.00002
3917 0.00002
5986 0.00002
14865 0.00002
5099 0.00002
16892 0.00002
10717 0.00002
13094 0.00002
10742 0.00002
13296 0.00002
9019 0.00002
13893 0.00002
12802 0.00002
18199 0.00002
19384 0.00002
13666 0.00002
10828 0.00002
21113 0.00002
10841 0.00002
10851 0.00002
12469 0.00002
7356 0.00002
18874 0.00002
12797 0.00002
11647 0.00002
16877 0.00002
18317 0.00002
15662 0.00002
10703 0.00002
15583 0.00002
21621 0.00002
17345 0.00002
14709 0.00002
3361 0.00002
13424 0.00002
7349 0.00002
19068 0.00002
13264 0.00002
2807 0.00002
2440 0.00002
2443 0.00002
10890 0.00002
10898 0.00002
10715 0.00002
10591 0.00002
5831 0.00002
15674 0.00002
2316 0.00002
17583 0.00002
19234 0.00002
16153 0.00002
2718 0.00002
12773 0.00002
8373 0.00002
8385 0.00002
4521 0.00002
3561 0.00002
7891 0.00002
5391 0.00002
5384 0.00002
5385 0.00002
5387 0.00002
5390 0.00002
5386 0.00002
21394 0.00002
17289 0.00002
15361 0.00002
10227 0.00002
15364 0.00002
15366 0.00002
14075 0.00002
14944 0.00002
8603 0.00002
7946 0.00002
20108 0.00002
11269 0.00002
14423 0.00002
13328 0.00002
4166 0.00002
11162 0.00002
3454 0.00002
4445 0.00002
8282 0.00002
8634 0.00002
13092 0.00002
16395 0.00002
17581 0.00002
11877 0.00002
2154 0.00002
3955 0.00002
8010 0.00002
16178 0.00002
21548 0.00002
22173 0.00002
22302 0.00002
5779 0.00002
13806 0.00002
14453 0.00002
5833 0.00002
9184 0.00002
3741 0.00002
12690 0.00002
20091 0.00002
5488 0.00002
7925 0.00002
15109 0.00002
15141 0.00002
18562 0.00002
8095 0.00002
8096 0.00002
4275 0.00002
4343 0.00002
8393 0.00002
17323 0.00002
5973 0.00002
5990 0.00002
9962 0.00002
9903 0.00002
11145 0.00002
2838 0.00002
11503 0.00002
5875 0.00002
13204 0.00002
17900 0.00002
16237 0.00002
19308 0.00002
13824 0.00002
9002 0.00002
16014 0.00002
17125 0.00002
8277 0.00002
17526 0.00002
20319 0.00002
11529 0.00002
1305 0.00002
14932 0.00002
14933 0.00002
15055 0.00002
11586 0.00002
4957 0.00002
6346 0.00002
14250 0.00002
9884 0.00002
15156 0.00002
8111 0.00002
12219 0.00002
9886 0.00002
15159 0.00002
16930 0.00002
17044 0.00002
5480 0.00002
5482 0.00002
5483 0.00002
5694 0.00002
21147 0.00002
19668 0.00002
19671 0.00002
13315 0.00002
8284 0.00002
8109 0.00002
13137 0.00002
7278 0.00002
7279 0.00002
20954 0.00002
3643 0.00002
20207 0.00002
12014 0.00002
16911 0.00002
20799 0.00002
12029 0.00002
15638 0.00002
3774 0.00002
21087 0.00002
3345 0.00002
10237 0.00002
10238 0.00002
4890 0.00002
4891 0.00002
3274 0.00002
7473 0.00002
3012 0.00002
7789 0.00002
7398 0.00002
10644 0.00002
6916 0.00002
10120 0.00002
10119 0.00002
9619 0.00002
7144 0.00002
3363 0.00002
11759 0.00002
22113 0.00002
19051 0.00002
19053 0.00002
12258 0.00002
10096 0.00002
11909 0.00002
14062 0.00002
6091 0.00002
17571 0.00002
2582 0.00002
2754 0.00002
14916 0.00002
9362 0.00002
15317 0.00002
15315 0.00002
15318 0.00002
15322 0.00002
15324 0.00002
15326 0.00002
15327 0.00002
7694 0.00002
7750 0.00002
15328 0.00002
15330 0.00002
10229 0.00002
15332 0.00002
15333 0.00002
15336 0.00002
10418 0.00002
15337 0.00002
15338 0.00002
15316 0.00002
6220 0.00002
6221 0.00002
6222 0.00002
6228 0.00002
6229 0.00002
6232 0.00002
3280 0.00002
21294 0.00002
14480 0.00002
20468 0.00002
2696 0.00002
17675 0.00002
6207 0.00002
6209 0.00002
3414 0.00002
14652 0.00002
19686 0.00002
10088 0.00002
12714 0.00002
13528 0.00002
8929 0.00002
19610 0.00002
16366 0.00002
14830 0.00002
6631 0.00002
14532 0.00002
6757 0.00002
5701 0.00002
6756 0.00002
21295 0.00002
11829 0.00002
9269 0.00002
14756 0.00002
11796 0.00002
14388 0.00002
2101 0.00002
14233 0.00002
11365 0.00002
2765 0.00002
18100 0.00002
18870 0.00002
11425 0.00002
17096 0.00002
6189 0.00002
19188 0.00002
19189 0.00002
14754 0.00002
6153 0.00002
10231 0.00002
19974 0.00002
18464 0.00002
6039 0.00002
21282 0.00002
4834 0.00002
10433 0.00002
19073 0.00002
15039 0.00002
7757 0.00002
10037 0.00002
5635 0.00002
5637 0.00002
5638 0.00002
15919 0.00002
15721 0.00002
6491 0.00002
14768 0.00002
10526 0.00002
5693 0.00002
17659 0.00002
21612 0.00002
18287 0.00002
12458 0.00002
13370 0.00002
10064 0.00002
4246 0.00002
4328 0.00002
18845 0.00002
17091 0.00002
14076 0.00002
11753 0.00002
19111 0.00002
9976 0.00002
9882 0.00002
13449 0.00002
13213 0.00002
13215 0.00002
8662 0.00002
15786 0.00002
5628 0.00002
19264 0.00002
14645 0.00002
13226 0.00002
11065 0.00002
13899 0.00002
17684 0.00002
8631 0.00002
14466 0.00002
15510 0.00002
11202 0.00002
10240 0.00002
5127 0.00002
2597 0.00002
10571 0.00002
12071 0.00002
3167 0.00002
8601 0.00002
7779 0.00002
9544 0.00002
13145 0.00002
12136 0.00002
9836 0.00002
15133 0.00002
16965 0.00002
14657 0.00002
16966 0.00002
19761 0.00002
14654 0.00002
13858 0.00002
15350 0.00002
14539 0.00002
10511 0.00002
20107 0.00002
17004 0.00002
17549 0.00002
16685 0.00002
21760 0.00002
8089 0.00002
13588 0.00002
20747 0.00002
4309 0.00002
7270 0.00002
15881 0.00002
3513 0.00002
9123 0.00002
13442 0.00002
8375 0.00002
14172 0.00002
15292 0.00002
13752 0.00002
5294 0.00002
10128 0.00002
3498 0.00002
19894 0.00002
13940 0.00002
15035 0.00002
8654 0.00002
8653 0.00002
11434 0.00002
14083 0.00002
9219 0.00002
9223 0.00002
9224 0.00002
9225 0.00002
2947 0.00002
9649 0.00002
15934 0.00002
20698 0.00002
8629 0.00002
19827 0.00002
12600 0.00002
19900 0.00002
4859 0.00002
5623 0.00002
7655 0.00002
8455 0.00002
11214 0.00002
14278 0.00002
14275 0.00002
13874 0.00002
1806 0.00002
12952 0.00002
8055 0.00002
12954 0.00002
12955 0.00002
7267 0.00002
12961 0.00002
12962 0.00002
9620 0.00002
12966 0.00002
12968 0.00002
12969 0.00002
12971 0.00002
12974 0.00002
12975 0.00002
12978 0.00002
12946 0.00002
8962 0.00002
12980 0.00002
6446 0.00002
7126 0.00002
13001 0.00002
2122 0.00002
20176 0.00002
12134 0.00002
14243 0.00002
1862 0.00002
4621 0.00002
19794 0.00002
18152 0.00002
16057 0.00002
10580 0.00002
17186 0.00002
15140 0.00002
9652 0.00002
17095 0.00002
13062 0.00002
10524 0.00002
18666 0.00002
9367 0.00002
11885 0.00002
12933 0.00002
6738 0.00002
8818 0.00002
8822 0.00002
14808 0.00002
8952 0.00002
6172 0.00002
9029 0.00002
4801 0.00002
13090 0.00002
4268 0.00002
7435 0.00002
14496 0.00002
12510 0.00002
4946 0.00002
7160 0.00002
17159 0.00002
21279 0.00002
3281 0.00002
3470 0.00002
14953 0.00002
15359 0.00002
10108 0.00002
12096 0.00002
10582 0.00002
19023 0.00002
17723 0.00002
11107 0.00002
14159 0.00002
19322 0.00002
10049 0.00002
10051 0.00002
10054 0.00002
10055 0.00002
10005 0.00002
10056 0.00002
10059 0.00002
10060 0.00002
10062 0.00002
10066 0.00002
5625 0.00002
10068 0.00002
10069 0.00002
14262 0.00002
18262 0.00002
12664 0.00002
9298 0.00002
11364 0.00002
19968 0.00002
8615 0.00002
10508 0.00002
9007 0.00002
4873 0.00002
3626 0.00002
3628 0.00002
8780 0.00002
7972 0.00002
22968 0.00002
15038 0.00002
1699 0.00002
5860 0.00002
2142 0.00002
2144 0.00002
2348 0.00002
4902 0.00002
4849 0.00002
6664 0.00002
6668 0.00002
6671 0.00002
6676 0.00002
18610 0.00002
4953 0.00002
5279 0.00002
5282 0.00002
9248 0.00002
8895 0.00002
8897 0.00002
14056 0.00002
19499 0.00002
19669 0.00002
19667 0.00002
12039 0.00002
2299 0.00002
5700 0.00002
15906 0.00002
16604 0.00002
14902 0.00002
22645 0.00002
6083 0.00002
20961 0.00002
3365 0.00002
9696 0.00002
18129 0.00002
10836 0.00002
7215 0.00002
4707 0.00002
2471 0.00002
14014 0.00002
7787 0.00002
5710 0.00002
7018 0.00002
13604 0.00002
22319 0.00002
2896 0.00002
6989 0.00002
16320 0.00002
18228 0.00002
18195 0.00002
17533 0.00002
18255 0.00002
8473 0.00002
8480 0.00002
8482 0.00002
8489 0.00002
8490 0.00002
8491 0.00002
8492 0.00002
8493 0.00002
8494 0.00002
8495 0.00002
8502 0.00002
16479 0.00002
16474 0.00002
16465 0.00002
16461 0.00002
13072 0.00002
16476 0.00002
17278 0.00002
15114 0.00002
5307 0.00002
17283 0.00002
17285 0.00002
20336 0.00002
8538 0.00002
2115 0.00002
5549 0.00002
5629 0.00002
4882 0.00002
15523 0.00002
15526 0.00002
7956 0.00002
15380 0.00002
10578 0.00002
13230 0.00002
8837 0.00002
21281 0.00002
21284 0.00002
19692 0.00002
6056 0.00002
22260 0.00002
12037 0.00002
13759 0.00002
3854 0.00002
13428 0.00002
10575 0.00002
5517 0.00002
13306 0.00002
8612 0.00002
15339 0.00002
20334 0.00002
8339 0.00002
10935 0.00002
18689 0.00002
9701 0.00002
4797 0.00002
11610 0.00002
18708 0.00002
18710 0.00002
5164 0.00002
9943 0.00002
3469 0.00002
18765 0.00002
18579 0.00002
17013 0.00002
4729 0.00002
5608 0.00002
11791 0.00002
11871 0.00002
21004 0.00002
21005 0.00002
16497 0.00002
19104 0.00002
4948 0.00002
4943 0.00002
4947 0.00002
4949 0.00002
4945 0.00002
4941 0.00002
11756 0.00002
13228 0.00002
11242 0.00002
13157 0.00002
14380 0.00002
20579 0.00002
21298 0.00002
21303 0.00002
1949 0.00002
8050 0.00002
10510 0.00002
12150 0.00002
6323 0.00002
12042 0.00002
19472 0.00002
12785 0.00002
12932 0.00002
19143 0.00002
20144 0.00002
18310 0.00002
18311 0.00002
18312 0.00002
5336 0.00002
5092 0.00002
5559 0.00002
2045 0.00002
19146 0.00002
10070 0.00002
8233 0.00002
8234 0.00002
16589 0.00002
12611 0.00002
9275 0.00002
14352 0.00002
13360 0.00002
15001 0.00002
18375 0.00002
18376 0.00002
10543 0.00002
14843 0.00002
8281 0.00002
18378 0.00002
14568 0.00002
6583 0.00002
18380 0.00002
18381 0.00002
16569 0.00002
15514 0.00002
18384 0.00002
18385 0.00002
18386 0.00002
18191 0.00002
7635 0.00002
14573 0.00002
15519 0.00002
13282 0.00002
14569 0.00002
18404 0.00002
4524 0.00002
17689 0.00002
4930 0.00002
13905 0.00002
18410 0.00002
6755 0.00002
18412 0.00002
16754 0.00002
18413 0.00002
18417 0.00002
14583 0.00002
16533 0.00002
11388 0.00002
18419 0.00002
14349 0.00002
18423 0.00002
13281 0.00002
16352 0.00002
10699 0.00002
18430 0.00002
18432 0.00002
18434 0.00002
18435 0.00002
18436 0.00002
18437 0.00002
18335 0.00002
18439 0.00002
18440 0.00002
18441 0.00002
8968 0.00002
13006 0.00002
17115 0.00002
6360 0.00002
8995 0.00002
7916 0.00002
19121 0.00002
13278 0.00002
14113 0.00002
7872 0.00002
15412 0.00002
11778 0.00002
2839 0.00002
11758 0.00002
3169 0.00002
10380 0.00002
10381 0.00002
14855 0.00002
14858 0.00002
14859 0.00002
14860 0.00002
14861 0.00002
10513 0.00002
14864 0.00002
14866 0.00002
3333 0.00002
14237 0.00002
14234 0.00002
14235 0.00002
5883 0.00002
12732 0.00002
13530 0.00002
14216 0.00002
14887 0.00002
17274 0.00002
17276 0.00002
19956 0.00002
20723 0.00002
21006 0.00002
23047 0.00002
21637 0.00002
13629 0.00002
13628 0.00002
8765 0.00002
8767 0.00002
8773 0.00002
19821 0.00002
15231 0.00002
14402 0.00002
14400 0.00002
7561 0.00002
20398 0.00002
7346 0.00002
17253 0.00002
17254 0.00002
2882 0.00002
7963 0.00002
10867 0.00002
19177 0.00002
20894 0.00002
22685 0.00002
13980 0.00002
12998 0.00002
2758 0.00002
22297 0.00002
13821 0.00002
5603 0.00002
10459 0.00002
17042 0.00002
9073 0.00002
6361 0.00002
8535 0.00002
13945 0.00002
19026 0.00002
6104 0.00002
4857 0.00002
12985 0.00002
7751 0.00002
18271 0.00002
18274 0.00002
18272 0.00002
18273 0.00002
2759 0.00002
1873 0.00002
1876 0.00002
9784 0.00002
13671 0.00002
13673 0.00002
13674 0.00002
9228 0.00002
6749 0.00002
11896 0.00002
1065 0.00002
1073 0.00002
17614 0.00002
6325 0.00002
5599 0.00002
7913 0.00002
7914 0.00002
7919 0.00002
7921 0.00002
7931 0.00002
7933 0.00002
7934 0.00002
9329 0.00002
11060 0.00002
8148 0.00002
22314 0.00002
17695 0.00002
11292 0.00002
11294 0.00002
20819 0.00002
15119 0.00002
15120 0.00002
10787 0.00002
16473 0.00002
18470 0.00002
10390 0.00002
12658 0.00002
12659 0.00002
11113 0.00002
6770 0.00002
6885 0.00002
6886 0.00002
13091 0.00002
11213 0.00002
8550 0.00002
16545 0.00002
15658 0.00002
19809 0.00002
19810 0.00002
7597 0.00002
19811 0.00002
19812 0.00002
19798 0.00002
8008 0.00002
19814 0.00002
5856 0.00002
19266 0.00002
19817 0.00002
12142 0.00002
12143 0.00002
12144 0.00002
12145 0.00002
12147 0.00002
12149 0.00002
22694 0.00002
9018 0.00002
12661 0.00002
13476 0.00002
6186 0.00002
8383 0.00002
9406 0.00002
7051 0.00002
12417 0.00002
3970 0.00002
4198 0.00002
18555 0.00002
20899 0.00002
7196 0.00002
10873 0.00002
10869 0.00002
10870 0.00002
9209 0.00002
13323 0.00002
8668 0.00002
8733 0.00002
3488 0.00002
19319 0.00002
2745 0.00002
12412 0.00002
2848 0.00002
11086 0.00002
17330 0.00002
14124 0.00002
7282 0.00002
7519 0.00002
5571 0.00002
8215 0.00002
9103 0.00002
11504 0.00002
2586 0.00002
20041 0.00002
19020 0.00002
7518 0.00002
20042 0.00002
16624 0.00002
20043 0.00002
10966 0.00002
19267 0.00002
8221 0.00002
20044 0.00002
19342 0.00002
15075 0.00002
9605 0.00002
17045 0.00002
16772 0.00002
16860 0.00002
17894 0.00002
12491 0.00002
10769 0.00002
15915 0.00002
10509 0.00002
17307 0.00002
9666 0.00002
20065 0.00002
9587 0.00002
12920 0.00002
14175 0.00002
9875 0.00002
7324 0.00002
10669 0.00002
10671 0.00002
10678 0.00002
8448 0.00002
4191 0.00002
16198 0.00002
8403 0.00002
19965 0.00002
13126 0.00002
3799 0.00002
4901 0.00002
9898 0.00002
19649 0.00002
1325 0.00002
21132 0.00002
9952 0.00002
9954 0.00002
18893 0.00002
17179 0.00002
16528 0.00002
14848 0.00002
10833 0.00002
20948 0.00002
20947 0.00002
14743 0.00002
7120 0.00002
11995 0.00002
12413 0.00002
5265 0.00002
5266 0.00002
5269 0.00002
5272 0.00002
5273 0.00002
19038 0.00002
16563 0.00002
4117 0.00002
11464 0.00002
7293 0.00002
9134 0.00002
9137 0.00002
9138 0.00002
9140 0.00002
9143 0.00002
8030 0.00002
10130 0.00002
9970 0.00002
6029 0.00002
13562 0.00002
7866 0.00002
17362 0.00002
14460 0.00002
10118 0.00002
5527 0.00002
12214 0.00002
6188 0.00002
17370 0.00002
20797 0.00002
2481 0.00002
13817 0.00002
8783 0.00002
5200 0.00002
8791 0.00002
10015 0.00002
4937 0.00002
22282 0.00002
22289 0.00002
11125 0.00002
9511 0.00002
11303 0.00002
10437 0.00002
22305 0.00002
19912 0.00002
13446 0.00002
18977 0.00002
5826 0.00002
7321 0.00002
12210 0.00002
9783 0.00002
12610 0.00002
12990 0.00002
6992 0.00002
6058 0.00002
16889 0.00002
16888 0.00002
13611 0.00002
20600 0.00002
17655 0.00002
16890 0.00002
20760 0.00002
7372 0.00002
15615 0.00002
15616 0.00002
7153 0.00002
15622 0.00002
17927 0.00002
18620 0.00002
3272 0.00002
14928 0.00002
19065 0.00002
19069 0.00002
10758 0.00002
12749 0.00002
12753 0.00002
12755 0.00002
12757 0.00002
12761 0.00002
12767 0.00002
12743 0.00002
12771 0.00002
11577 0.00002
13736 0.00002
13738 0.00002
13737 0.00002
19666 0.00002
19825 0.00002
18612 0.00002
21686 0.00002
8376 0.00002
19229 0.00002
16661 0.00002
21636 0.00002
8971 0.00002
14406 0.00002
19562 0.00002
13421 0.00002
14772 0.00002
19269 0.00002
10824 0.00002
13243 0.00002
12525 0.00002
20713 0.00002
3849 0.00002
14226 0.00002
19522 0.00002
5485 0.00002
13775 0.00002
19527 0.00002
4037 0.00002
19529 0.00002
8578 0.00002
14588 0.00002
12824 0.00002
19531 0.00002
17849 0.00002
19533 0.00002
19534 0.00002
14577 0.00002
14777 0.00002
19537 0.00002
19538 0.00002
14758 0.00002
16236 0.00002
15433 0.00002
5157 0.00002
18281 0.00002
16093 0.00002
7381 0.00002
7382 0.00002
7899 0.00002
21902 0.00002
2739 0.00002
3757 0.00002
14656 0.00002
17826 0.00002
293 0.00002
21425 0.00002
10532 0.00002
6912 0.00002
19487 0.00002
21428 0.00002
10084 0.00002
10085 0.00002
10089 0.00002
10090 0.00002
7464 0.00002
3109 0.00002
11686 0.00002
16874 0.00002
12568 0.00002
13155 0.00002
14322 0.00002
11880 0.00002
22827 0.00002
18990 0.00002
13173 0.00002
15623 0.00002
22772 0.00002
22770 0.00002
22773 0.00002
14987 0.00002
14988 0.00002
13957 0.00002
11939 0.00002
12371 0.00002
12339 0.00002
8140 0.00002
8141 0.00002
8145 0.00002
5545 0.00002
9239 0.00002
12709 0.00002
16615 0.00002
19438 0.00002
11788 0.00002
17778 0.00002
19439 0.00002
19379 0.00002
19440 0.00002
19378 0.00002
19441 0.00002
7645 0.00002
18342 0.00002
16509 0.00002
11900 0.00002
21079 0.00002
19647 0.00002
9989 0.00002
3338 0.00002
14225 0.00002
883 0.00002
328 0.00002
348 0.00002
5852 0.00002
19775 0.00002
12500 0.00002
10934 0.00002
11061 0.00002
7149 0.00002
8547 0.00002
15287 0.00002
2693 0.00002
13801 0.00002
7876 0.00002
5076 0.00002
5077 0.00002
5081 0.00002
5520 0.00002
11986 0.00002
17784 0.00002
9715 0.00002
8533 0.00002
13622 0.00002
14976 0.00002
8203 0.00002
20822 0.00002
20823 0.00002
20824 0.00002
14437 0.00002
10435 0.00002
9034 0.00002
14711 0.00002
18298 0.00002
12728 0.00002
19434 0.00002
14984 0.00002
15105 0.00002
15430 0.00002
14375 0.00002
5283 0.00002
16724 0.00002
12831 0.00002
6082 0.00002
13886 0.00002
13887 0.00002
13982 0.00002
12731 0.00002
20410 0.00002
5916 0.00002
11821 0.00002
17196 0.00002
22848 0.00002
15072 0.00002
2302 0.00002
6263 0.00002
1294 0.00002
10534 0.00002
15924 0.00002
3784 0.00002
15504 0.00002
9972 0.00002
13707 0.00002
4933 0.00002
10485 0.00002
10486 0.00002
22236 0.00002
15042 0.00002
8696 0.00002
13393 0.00002
16696 0.00002
19088 0.00002
9751 0.00002
18237 0.00002
3185 0.00002
8521 0.00002
15905 0.00002
14177 0.00002
2599 0.00002
7059 0.00002
2719 0.00002
17840 0.00002
14269 0.00002
10886 0.00002
10887 0.00002
10888 0.00002
10889 0.00002
10897 0.00002
10901 0.00002
10902 0.00002
10903 0.00002
10905 0.00002
13894 0.00002
15424 0.00002
9210 0.00002
16757 0.00002
11825 0.00002
21340 0.00002
11895 0.00002
21341 0.00002
18479 0.00002
11813 0.00002
14640 0.00002
19615 0.00002
17680 0.00002
21343 0.00002
3119 0.00002
14501 0.00002
11768 0.00002
1508 0.00002
19318 0.00002
15100 0.00002
21346 0.00002
20430 0.00002
11811 0.00002
17600 0.00002
2070 0.00002
16518 0.00002
17043 0.00002
20464 0.00002
17461 0.00002
21352 0.00002
9658 0.00002
7895 0.00002
18095 0.00002
18306 0.00002
15920 0.00002
9293 0.00002
5560 0.00002
20331 0.00002
16764 0.00002
9116 0.00002
13460 0.00002
21175 0.00002
12243 0.00002
13144 0.00002
11793 0.00002
1528 0.00002
20553 0.00002
20466 0.00002
3622 0.00002
7112 0.00002
21356 0.00002
11499 0.00002
20941 0.00002
14073 0.00002
19556 0.00002
11498 0.00002
15124 0.00002
21361 0.00002
10209 0.00002
6931 0.00002
21362 0.00002
7656 0.00002
11169 0.00002
19371 0.00002
11812 0.00002
18225 0.00002
7867 0.00002
21364 0.00002
21367 0.00002
21369 0.00002
3859 0.00002
8290 0.00002
8620 0.00002
11809 0.00002
2694 0.00002
19427 0.00002
241 0.00002
14898 0.00002
15533 0.00002
15537 0.00002
15544 0.00002
15547 0.00002
15548 0.00002
15549 0.00002
15551 0.00002
15553 0.00002
15556 0.00002
12085 0.00002
13724 0.00002
15560 0.00002
15561 0.00002
12923 0.00002
15568 0.00002
15570 0.00002
19719 0.00002
10987 0.00002
15463 0.00002
9500 0.00002
12887 0.00002
12888 0.00002
12894 0.00002
12892 0.00002
12895 0.00002
12891 0.00002
14001 0.00002
6703 0.00002
8235 0.00002
8712 0.00002
17527 0.00002
20967 0.00002
18852 0.00002
20404 0.00002
7224 0.00002
7705 0.00002
14297 0.00002
14231 0.00002
10135 0.00002
11822 0.00002
22251 0.00002
16442 0.00002
22259 0.00002
11766 0.00002
12537 0.00002
20201 0.00002
12248 0.00002
12855 0.00002
20202 0.00002
10152 0.00002
14063 0.00002
17734 0.00002
14109 0.00002
17735 0.00002
14223 0.00002
16756 0.00002
13405 0.00002
13406 0.00002
5998 0.00002
13299 0.00002
6798 0.00002
5432 0.00002
5440 0.00002
5441 0.00002
5443 0.00002
2878 0.00002
15003 0.00002
17299 0.00002
17300 0.00002
17302 0.00002
17032 0.00002
3286 0.00002
3292 0.00002
3294 0.00002
7526 0.00002
17313 0.00002
17315 0.00002
17317 0.00002
17318 0.00002
17319 0.00002
14776 0.00002
11128 0.00002
12083 0.00002
11246 0.00002
17321 0.00002
7143 0.00002
17325 0.00002
9835 0.00002
12084 0.00002
9825 0.00002
14678 0.00002
6425 0.00002
17327 0.00002
17328 0.00002
9331 0.00002
12557 0.00002
10748 0.00002
20257 0.00002
7109 0.00002
7603 0.00002
14265 0.00002
13459 0.00002
16136 0.00002
14507 0.00002
17915 0.00002
14017 0.00002
11405 0.00002
17905 0.00002
13539 0.00002
17917 0.00002
20843 0.00002
16094 0.00002
3159 0.00002
13506 0.00002
18361 0.00002
10107 0.00002
14174 0.00002
17423 0.00002
16251 0.00002
8198 0.00002
15746 0.00002
7044 0.00002
10604 0.00002
12652 0.00002
19770 0.00002
22547 0.00002
19314 0.00002
8366 0.00002
10518 0.00002
4951 0.00002
12789 0.00002
10424 0.00002
3486 0.00002
14549 0.00002
18206 0.00002
14403 0.00002
14404 0.00002
11305 0.00002
15917 0.00002
3548 0.00002
18443 0.00002
15925 0.00002
18092 0.00002
21016 0.00002
14523 0.00002
10155 0.00002
9037 0.00002
17248 0.00002
9879 0.00002
15184 0.00002
15186 0.00002
15199 0.00002
7937 0.00002
7948 0.00002
22252 0.00002
12208 0.00002
18356 0.00002
10619 0.00002
8774 0.00002
19687 0.00002
22044 0.00002
22046 0.00002
14826 0.00002
14979 0.00002
9379 0.00002
15227 0.00002
15228 0.00002
7341 0.00002
7558 0.00002
11376 0.00002
20266 0.00002
5342 0.00002
5366 0.00002
12378 0.00002
12391 0.00002
12515 0.00002
11669 0.00002
10463 0.00002
6094 0.00002
6118 0.00002
11760 0.00002
15578 0.00002
3460 0.00002
7995 0.00002
10186 0.00002
11585 0.00002
23100 0.00002
17714 0.00002
10561 0.00002
6264 0.00002
10566 0.00002
6470 0.00002
10555 0.00002
5872 0.00002
16807 0.00002
17699 0.00002
13884 0.00002
17701 0.00002
17702 0.00002
11663 0.00002
10129 0.00002
7157 0.00002
7095 0.00002
9873 0.00002
9874 0.00002
9876 0.00002
9878 0.00002
10693 0.00002
11536 0.00002
2680 0.00002
13290 0.00002
10642 0.00002
4762 0.00002
13450 0.00002
2500 0.00002
21123 0.00002
13768 0.00002
16733 0.00002
15921 0.00002
19193 0.00002
19017 0.00002
5232 0.00002
5233 0.00002
12539 0.00002
14832 0.00002
9647 0.00002
7745 0.00002
17470 0.00002
19286 0.00002
19277 0.00002
6860 0.00002
1502 0.00002
1706 0.00002
12727 0.00002
22264 0.00002
22265 0.00002
13515 0.00002
17593 0.00002
12775 0.00002
16899 0.00002
12024 0.00002
20618 0.00002
21560 0.00002
20192 0.00002
20193 0.00002
14436 0.00002
6065 0.00002
20570 0.00002
22517 0.00002
11362 0.00002
21089 0.00002
13974 0.00002
19973 0.00002
14300 0.00002
19722 0.00002
7653 0.00002
21765 0.00002
22398 0.00002
22399 0.00002
22401 0.00002
1001 0.00002
3138 0.00002
18105 0.00002
18974 0.00002
21731 0.00002
21738 0.00002
21739 0.00002
18460 0.00002
19260 0.00002
18103 0.00002
19090 0.00002
20554 0.00002
20788 0.00002
13458 0.00002
10587 0.00002
12579 0.00002
9031 0.00002
16296 0.00002
10415 0.00002
22053 0.00002
12663 0.00002
12448 0.00002
8018 0.00002
12040 0.00002
9706 0.00002
20500 0.00002
22658 0.00002
5997 0.00002
3959 0.00002
6497 0.00002
20322 0.00002
20321 0.00002
7201 0.00002
12540 0.00002
12541 0.00002
12530 0.00002
11223 0.00002
13182 0.00002
2480 0.00002
12556 0.00002
8447 0.00002
13593 0.00002
5 0.00002
2163 0.00002
3796 0.00002
8684 0.00002
8685 0.00002
8686 0.00002
8687 0.00002
8688 0.00002
8690 0.00002
10589 0.00002
5468 0.00002
16945 0.00002
16950 0.00002
4482 0.00002
14060 0.00002
13304 0.00002
2741 0.00002
10032 0.00002
10035 0.00002
2518 0.00002
10353 0.00002
6138 0.00002
6154 0.00002
5060 0.00002
5590 0.00002
19428 0.00002
19429 0.00002
8107 0.00002
4380 0.00002
11567 0.00002
14853 0.00002
11457 0.00002
4055 0.00002
12490 0.00002
12456 0.00002
16336 0.00002
5646 0.00002
21386 0.00002
18615 0.00002
12353 0.00002
14031 0.00002
7339 0.00002
9709 0.00002
9714 0.00002
9717 0.00002
3568 0.00002
3761 0.00002
7408 0.00002
7411 0.00002
10533 0.00002
14998 0.00002
20137 0.00002
19944 0.00002
15104 0.00002
4652 0.00002
4639 0.00002
7550 0.00002
21262 0.00002
7049 0.00002
18231 0.00002
21171 0.00002
13164 0.00002
11605 0.00002
21876 0.00002
22788 0.00002
22803 0.00002
21879 0.00002
22813 0.00002
14633 0.00002
11200 0.00002
11878 0.00002
12181 0.00002
5955 0.00002
19897 0.00002
11462 0.00002
14347 0.00002
19972 0.00002
18984 0.00002
22458 0.00002
13981 0.00002
19079 0.00002
12138 0.00002
21170 0.00002
8062 0.00002
12881 0.00002
10749 0.00002
14847 0.00002
17910 0.00002
13949 0.00002
7212 0.00002
13946 0.00002
13950 0.00002
6779 0.00002
13816 0.00002
3121 0.00002
7111 0.00002
21044 0.00002
20475 0.00002
10973 0.00002
20990 0.00002
13978 0.00002
12782 0.00002
12783 0.00002
12786 0.00002
10004 0.00002
14208 0.00002
15178 0.00002
7827 0.00002
12665 0.00002
21273 0.00002
209 0.00002
2974 0.00002
3329 0.00002
3974 0.00002
4140 0.00002
4353 0.00002
6482 0.00002
15740 0.00002
16077 0.00002
19380 0.00002
12697 0.00002
17607 0.00002
16735 0.00002
17090 0.00002
12630 0.00002
15378 0.00002
7680 0.00002
6883 0.00002
19462 0.00002
15950 0.00002
19464 0.00002
19465 0.00002
19466 0.00002
12854 0.00002
19467 0.00002
19470 0.00002
6560 0.00002
13401 0.00002
16561 0.00002
18557 0.00002
6897 0.00002
15808 0.00002
19475 0.00002
19476 0.00002
17615 0.00002
18323 0.00002
19401 0.00002
13904 0.00002
19478 0.00002
19479 0.00002
17163 0.00002
17128 0.00002
17171 0.00002
17711 0.00002
19481 0.00002
14167 0.00002
15086 0.00002
15095 0.00002
16825 0.00002
16830 0.00002
14476 0.00002
20970 0.00002
14918 0.00002
20344 0.00002
2612 0.00002
23026 0.00002
19174 0.00002
19175 0.00002
11159 0.00002
11751 0.00002
11987 0.00002
19178 0.00002
19179 0.00002
19181 0.00002
2087 0.00002
3710 0.00002
17272 0.00002
19631 0.00002
10752 0.00002
14905 0.00002
9427 0.00002
7487 0.00002
9330 0.00002
15600 0.00002
15604 0.00002
13990 0.00002
15608 0.00002
8680 0.00002
4835 0.00002
4852 0.00002
4854 0.00002
14891 0.00002
15289 0.00002
15290 0.00002
14100 0.00002
11540 0.00002
2616 0.00002
10210 0.00002
10212 0.00002
10214 0.00002
10215 0.00002
9125 0.00002
17290 0.00002
5568 0.00002
10432 0.00002
7802 0.00002
15691 0.00002
9963 0.00002
9971 0.00002
9973 0.00002
9974 0.00002
9975 0.00002
9985 0.00002
9986 0.00002
9988 0.00002
13626 0.00002
13627 0.00002
3327 0.00002
9523 0.00002
9529 0.00002
9548 0.00002
3276 0.00002
17425 0.00002
20139 0.00002
9278 0.00002
20140 0.00002
20143 0.00002
20145 0.00002
20148 0.00002
4381 0.00002
20150 0.00002
18256 0.00002
18685 0.00002
20477 0.00002
22174 0.00002
12036 0.00002
15803 0.00002
14761 0.00002
14763 0.00002
15479 0.00002
15481 0.00002
15483 0.00002
10082 0.00002
21501 0.00002
5861 0.00002
10045 0.00002
261 0.00002
15033 0.00002
18033 0.00002
15410 0.00002
19081 0.00002
20693 0.00002
7080 0.00002
4129 0.00002
8374 0.00002
8380 0.00002
8386 0.00002
8389 0.00002
3360 0.00002
8395 0.00002
8397 0.00002
8402 0.00002
11596 0.00002
7581 0.00002
8607 0.00002
8969 0.00002
11945 0.00002
14890 0.00002
17304 0.00002
20631 0.00002
7220 0.00002
8739 0.00002
13462 0.00002
12924 0.00002
5129 0.00002
13655 0.00002
14258 0.00002
12182 0.00002
6108 0.00002
14661 0.00002
14662 0.00002
1958 0.00002
14398 0.00002
10538 0.00002
14091 0.00002
14604 0.00002
2617 0.00002
14589 0.00002
3537 0.00002
9011 0.00002
21008 0.00002
14666 0.00002
10496 0.00002
8332 0.00002
3200 0.00002
8849 0.00002
11876 0.00002
13920 0.00002
13922 0.00002
13926 0.00002
13927 0.00002
21461 0.00002
9763 0.00002
13803 0.00002
13804 0.00002
13807 0.00002
11254 0.00002
22268 0.00002
18665 0.00002
9735 0.00002
16135 0.00002
13286 0.00002
4228 0.00002
6253 0.00002
6257 0.00002
9516 0.00002
9158 0.00002
9161 0.00002
14207 0.00002
14821 0.00002
18158 0.00002
19913 0.00002
5887 0.00002
3671 0.00002
7814 0.00002
11899 0.00002
18134 0.00002
17761 0.00002
14719 0.00002
17460 0.00002
19772 0.00002
11668 0.00002
2512 0.00002
9819 0.00002
9914 0.00002
18027 0.00002
12554 0.00002
6073 0.00002
9495 0.00002
9510 0.00002
12654 0.00002
13440 0.00002
15597 0.00002
13357 0.00002
10612 0.00002
20968 0.00002
18885 0.00002
14992 0.00002
18301 0.00002
14254 0.00002
6197 0.00002
22067 0.00002
12917 0.00002
12180 0.00002
10091 0.00002
10098 0.00002
10099 0.00002
10100 0.00002
7190 0.00002
9691 0.00002
11097 0.00002
14570 0.00002
9214 0.00002
13951 0.00002
9828 0.00002
15695 0.00002
2106 0.00002
13158 0.00002
12045 0.00002
5302 0.00002
18668 0.00002
14397 0.00002
7988 0.00002
13435 0.00002
8572 0.00002
9895 0.00002
11873 0.00002
13412 0.00002
13439 0.00002
13447 0.00002
10757 0.00002
1312 0.00002
7389 0.00002
7393 0.00002
17301 0.00002
18101 0.00002
6993 0.00002
7001 0.00002
7007 0.00002
7009 0.00002
19184 0.00002
4270 0.00002
13045 0.00002
9653 0.00002
17335 0.00002
12311 0.00002
12313 0.00002
12314 0.00002
4531 0.00002
12324 0.00002
12330 0.00002
3366 0.00002
12344 0.00002
12354 0.00002
12364 0.00002
10309 0.00002
12370 0.00002
12372 0.00002
12376 0.00002
12379 0.00002
12380 0.00002
6861 0.00002
6358 0.00002
10146 0.00002
9902 0.00002
8326 0.00002
12395 0.00002
12396 0.00002
12405 0.00002
12406 0.00002
12408 0.00002
12419 0.00002
12420 0.00002
9396 0.00002
12077 0.00002
12428 0.00002
12433 0.00002
5724 0.00002
12434 0.00002
12435 0.00002
4490 0.00002
12450 0.00002
9241 0.00002
12452 0.00002
12454 0.00002
8920 0.00002
12457 0.00002
11913 0.00002
12472 0.00002
12475 0.00002
12486 0.00002
9807 0.00002
4254 0.00002
12497 0.00002
8542 0.00002
5532 0.00002
11911 0.00002
11690 0.00002
12511 0.00002
12512 0.00002
8456 0.00002
12514 0.00002
12516 0.00002
12521 0.00002
11688 0.00002
5594 0.00002
302 0.00002
20800 0.00002
8806 0.00002
21280 0.00002
13356 0.00002
6626 0.00002
9885 0.00002
9808 0.00002
14827 0.00002
18077 0.00002
9636 0.00002
16832 0.00002
2484 0.00002
2486 0.00002
2488 0.00002
11525 0.00002
4900 0.00002
20389 0.00002
15348 0.00002
7043 0.00002
4372 0.00002
14119 0.00002
16573 0.00002
8131 0.00002
323 0.00002
5984 0.00002
16741 0.00002
21134 0.00002
8005 0.00002
14664 0.00002
4923 0.00002
7942 0.00002
7944 0.00002
7945 0.00002
9746 0.00002
10637 0.00002
13784 0.00002
16330 0.00002
17017 0.00002
18029 0.00002
19689 0.00002
20116 0.00002
14023 0.00002
7039 0.00002
1535 0.00002
7042 0.00002
6599 0.00002
7066 0.00002
7070 0.00002
7073 0.00002
7078 0.00002
7079 0.00002
7082 0.00002
7085 0.00002
15360 0.00002
18611 0.00002
2674 0.00002
2697 0.00002
2714 0.00002
3032 0.00002
4379 0.00002
22245 0.00002
2880 0.00002
11776 0.00002
13287 0.00002
13289 0.00002
13294 0.00002
13297 0.00002
13307 0.00002
12000 0.00002
12009 0.00002
12943 0.00002
18502 0.00002
20318 0.00002
18609 0.00002
7510 0.00002
21293 0.00002
13787 0.00002
14991 0.00002
14775 0.00002
13808 0.00002
13212 0.00002
21296 0.00002
10597 0.00002
6432 0.00002
20876 0.00002
8746 0.00002
21299 0.00002
21300 0.00002
20231 0.00002
13244 0.00002
21307 0.00002
8938 0.00002
4 0.00002
30 0.00002
39 0.00002
40 0.00002
207 0.00002
208 0.00002
219 0.00002
220 0.00002
221 0.00002
222 0.00002
223 0.00002
224 0.00002
225 0.00002
226 0.00002
227 0.00002
228 0.00002
229 0.00002
230 0.00002
231 0.00002
232 0.00002
233 0.00002
234 0.00002
235 0.00002
236 0.00002
237 0.00002
238 0.00002
239 0.00002
240 0.00002
255 0.00002
266 0.00002
272 0.00002
279 0.00002
285 0.00002
296 0.00002
303 0.00002
322 0.00002
326 0.00002
327 0.00002
330 0.00002
347 0.00002
358 0.00002
361 0.00002
376 0.00002
377 0.00002
378 0.00002
501 0.00002
502 0.00002
503 0.00002
504 0.00002
505 0.00002
506 0.00002
507 0.00002
862 0.00002
871 0.00002
910 0.00002
938 0.00002
939 0.00002
940 0.00002
1009 0.00002
1010 0.00002
1011 0.00002
1012 0.00002
1013 0.00002
1025 0.00002
1026 0.00002
1027 0.00002
1028 0.00002
1029 0.00002
1030 0.00002
1031 0.00002
1032 0.00002
1063 0.00002
1075 0.00002
1076 0.00002
1077 0.00002
1078 0.00002
1079 0.00002
1080 0.00002
1081 0.00002
1119 0.00002
1120 0.00002
1121 0.00002
1122 0.00002
1146 0.00002
1147 0.00002
1148 0.00002
1155 0.00002
1156 0.00002
1159 0.00002
1160 0.00002
1217 0.00002
1237 0.00002
1238 0.00002
1270 0.00002
1272 0.00002
1276 0.00002
1278 0.00002
1282 0.00002
1297 0.00002
1298 0.00002
1313 0.00002
1326 0.00002
1333 0.00002
1334 0.00002
1343 0.00002
1344 0.00002
1345 0.00002
1346 0.00002
1347 0.00002
1348 0.00002
1349 0.00002
1350 0.00002
1351 0.00002
1352 0.00002
1353 0.00002
1354 0.00002
1355 0.00002
1356 0.00002
1357 0.00002
1358 0.00002
1359 0.00002
1360 0.00002
1361 0.00002
1362 0.00002
1363 0.00002
1376 0.00002
1377 0.00002
1385 0.00002
1386 0.00002
1387 0.00002
1388 0.00002
1389 0.00002
1390 0.00002
1391 0.00002
1392 0.00002
1393 0.00002
1394 0.00002
1400 0.00002
1501 0.00002
1507 0.00002
1514 0.00002
1515 0.00002
1516 0.00002
1517 0.00002
1518 0.00002
1519 0.00002
1520 0.00002
1521 0.00002
1522 0.00002
1523 0.00002
1524 0.00002
1525 0.00002
1526 0.00002
1527 0.00002
1540 0.00002
1611 0.00002
1617 0.00002
1618 0.00002
1619 0.00002
1620 0.00002
1621 0.00002
1622 0.00002
1662 0.00002
1689 0.00002
1690 0.00002
1691 0.00002
1692 0.00002
1757 0.00002
1776 0.00002
1777 0.00002
1778 0.00002
1779 0.00002
1800 0.00002
1808 0.00002
1815 0.00002
1816 0.00002
1822 0.00002
1823 0.00002
1860 0.00002
1861 0.00002
1870 0.00002
1871 0.00002
1872 0.00002
1889 0.00002
1894 0.00002
1896 0.00002
1962 0.00002
1973 0.00002
1981 0.00002
1982 0.00002
1983 0.00002
2011 0.00002
2024 0.00002
2026 0.00002
2048 0.00002
2049 0.00002
2057 0.00002
2064 0.00002
2075 0.00002
2077 0.00002
2153 0.00002
2304 0.00002
2346 0.00002
2401 0.00002
2403 0.00002
2404 0.00002
2406 0.00002
2407 0.00002
2470 0.00002
2632 0.00002
2633 0.00002
2827 0.00002
2840 0.00002
2874 0.00002
2884 0.00002
2914 0.00002
2915 0.00002
2916 0.00002
2917 0.00002
2918 0.00002
2919 0.00002
2920 0.00002
2921 0.00002
2922 0.00002
2923 0.00002
2929 0.00002
2930 0.00002
2941 0.00002
2942 0.00002
2943 0.00002
2958 0.00002
2980 0.00002
2981 0.00002
3048 0.00002
3049 0.00002
3086 0.00002
3134 0.00002
3135 0.00002
3136 0.00002
3137 0.00002
3139 0.00002
3140 0.00002
3154 0.00002
3155 0.00002
3156 0.00002
3160 0.00002
3237 0.00002
3238 0.00002
3239 0.00002
3240 0.00002
3241 0.00002
3242 0.00002
3243 0.00002
3244 0.00002
3245 0.00002
3246 0.00002
3247 0.00002
3248 0.00002
3249 0.00002
3250 0.00002
3279 0.00002
3283 0.00002
3307 0.00002
3308 0.00002
3316 0.00002
3317 0.00002
3335 0.00002
3336 0.00002
3341 0.00002
3342 0.00002
3343 0.00002
3344 0.00002
3492 0.00002
3517 0.00002
3597 0.00002
3608 0.00002
3689 0.00002
3709 0.00002
3713 0.00002
3735 0.00002
3739 0.00002
3745 0.00002
3747 0.00002
3755 0.00002
3768 0.00002
3779 0.00002
3798 0.00002
3810 0.00002
3814 0.00002
3818 0.00002
3837 0.00002
3838 0.00002
3839 0.00002
3840 0.00002
3841 0.00002
3848 0.00002
3872 0.00002
3873 0.00002
3922 0.00002
3923 0.00002
3928 0.00002
3929 0.00002
3930 0.00002
3935 0.00002
3936 0.00002
3937 0.00002
3938 0.00002
3939 0.00002
3940 0.00002
3941 0.00002
3942 0.00002
3943 0.00002
3944 0.00002
3945 0.00002
3946 0.00002
3947 0.00002
3948 0.00002
3949 0.00002
3950 0.00002
3951 0.00002
3952 0.00002
3953 0.00002
3954 0.00002
3956 0.00002
3957 0.00002
3958 0.00002
3960 0.00002
3961 0.00002
3966 0.00002
3976 0.00002
3977 0.00002
3978 0.00002
3979 0.00002
3980 0.00002
3986 0.00002
3987 0.00002
3988 0.00002
3989 0.00002
3990 0.00002
3991 0.00002
3992 0.00002
3995 0.00002
4005 0.00002
4006 0.00002
4021 0.00002
4022 0.00002
4023 0.00002
4033 0.00002
4034 0.00002
4036 0.00002
4043 0.00002
4044 0.00002
4045 0.00002
4046 0.00002
4047 0.00002
4074 0.00002
4075 0.00002
4109 0.00002
4111 0.00002
4112 0.00002
4113 0.00002
4114 0.00002
4142 0.00002
4143 0.00002
4144 0.00002
4145 0.00002
4146 0.00002
4156 0.00002
4174 0.00002
4184 0.00002
4239 0.00002
4310 0.00002
4311 0.00002
4312 0.00002
4313 0.00002
4314 0.00002
4322 0.00002
4323 0.00002
4324 0.00002
4325 0.00002
4326 0.00002
4327 0.00002
4329 0.00002
4330 0.00002
4332 0.00002
4333 0.00002
4334 0.00002
4335 0.00002
4336 0.00002
4337 0.00002
4338 0.00002
4339 0.00002
4354 0.00002
4355 0.00002
4356 0.00002
4357 0.00002
4358 0.00002
4359 0.00002
4374 0.00002
4437 0.00002
4438 0.00002
4439 0.00002
4440 0.00002
4441 0.00002
4442 0.00002
4475 0.00002
4476 0.00002
4477 0.00002
4478 0.00002
4479 0.00002
4480 0.00002
4481 0.00002
4483 0.00002
4484 0.00002
4485 0.00002
4486 0.00002
4487 0.00002
4488 0.00002
4489 0.00002
4510 0.00002
4511 0.00002
4512 0.00002
4513 0.00002
4514 0.00002
4523 0.00002
4529 0.00002
4530 0.00002
4599 0.00002
4600 0.00002
4611 0.00002
4612 0.00002
4613 0.00002
4614 0.00002
4615 0.00002
4616 0.00002
4619 0.00002
4620 0.00002
4624 0.00002
4625 0.00002
4626 0.00002
4627 0.00002
4628 0.00002
4629 0.00002
4630 0.00002
4631 0.00002
4632 0.00002
4633 0.00002
4634 0.00002
4635 0.00002
4636 0.00002
4637 0.00002
4638 0.00002
4640 0.00002
4641 0.00002
4642 0.00002
4643 0.00002
4644 0.00002
4645 0.00002
4646 0.00002
4673 0.00002
4674 0.00002
4675 0.00002
4676 0.00002
4677 0.00002
4678 0.00002
4681 0.00002
4689 0.00002
4690 0.00002
4691 0.00002
4696 0.00002
4697 0.00002
4698 0.00002
4699 0.00002
4700 0.00002
4701 0.00002
4714 0.00002
4717 0.00002
4718 0.00002
4735 0.00002
4741 0.00002
4742 0.00002
4743 0.00002
4744 0.00002
4765 0.00002
4766 0.00002
4768 0.00002
4769 0.00002
4770 0.00002
4771 0.00002
4785 0.00002
4786 0.00002
4787 0.00002
4788 0.00002
4789 0.00002
4790 0.00002
4792 0.00002
4793 0.00002
4794 0.00002
4795 0.00002
4796 0.00002
4803 0.00002
4804 0.00002
4808 0.00002
4809 0.00002
4810 0.00002
4811 0.00002
4812 0.00002
4864 0.00002
4869 0.00002
4870 0.00002
4871 0.00002
4877 0.00002
4887 0.00002
4888 0.00002
4894 0.00002
4895 0.00002
4896 0.00002
4897 0.00002
4898 0.00002
4899 0.00002
4931 0.00002
4932 0.00002
4954 0.00002
4958 0.00002
5058 0.00002
5059 0.00002
5083 0.00002
5140 0.00002
5141 0.00002
5142 0.00002
5143 0.00002
5144 0.00002
5146 0.00002
5147 0.00002
5148 0.00002
5152 0.00002
5153 0.00002
5154 0.00002
5155 0.00002
5156 0.00002
5169 0.00002
5170 0.00002
5173 0.00002
5210 0.00002
5251 0.00002
5252 0.00002
5253 0.00002
5254 0.00002
5255 0.00002
5256 0.00002
5257 0.00002
5258 0.00002
5259 0.00002
5285 0.00002
5286 0.00002
5292 0.00002
5293 0.00002
5295 0.00002
5296 0.00002
5297 0.00002
5305 0.00002
5306 0.00002
5312 0.00002
5327 0.00002
5334 0.00002
5341 0.00002
5415 0.00002
5422 0.00002
5423 0.00002
5431 0.00002
5455 0.00002
5459 0.00002
5484 0.00002
5489 0.00002
5495 0.00002
5497 0.00002
5498 0.00002
5508 0.00002
5525 0.00002
5526 0.00002
5530 0.00002
5531 0.00002
5538 0.00002
5539 0.00002
5540 0.00002
5541 0.00002
5542 0.00002
5543 0.00002
5546 0.00002
5558 0.00002
5575 0.00002
5576 0.00002
5577 0.00002
5600 0.00002
5607 0.00002
5631 0.00002
5647 0.00002
5648 0.00002
5649 0.00002
5654 0.00002
5659 0.00002
5660 0.00002
5687 0.00002
5688 0.00002
5703 0.00002
5785 0.00002
5787 0.00002
5816 0.00002
5828 0.00002
5847 0.00002
5853 0.00002
5854 0.00002
5855 0.00002
5866 0.00002
5871 0.00002
5874 0.00002
5882 0.00002
5888 0.00002
5889 0.00002
5890 0.00002
5891 0.00002
5897 0.00002
5898 0.00002
5899 0.00002
5901 0.00002
5902 0.00002
5907 0.00002
5908 0.00002
5909 0.00002
5911 0.00002
5937 0.00002
5938 0.00002
5944 0.00002
5968 0.00002
5976 0.00002
6038 0.00002
6042 0.00002
6047 0.00002
6057 0.00002
6068 0.00002
6069 0.00002
6080 0.00002
6095 0.00002
6129 0.00002
6132 0.00002
6163 0.00002
6200 0.00002
6210 0.00002
6211 0.00002
6212 0.00002
6213 0.00002
6243 0.00002
6298 0.00002
6306 0.00002
6307 0.00002
6318 0.00002
6326 0.00002
6355 0.00002
6357 0.00002
6429 0.00002
6430 0.00002
6431 0.00002
6436 0.00002
6437 0.00002
6438 0.00002
6471 0.00002
6476 0.00002
6477 0.00002
6496 0.00002
6498 0.00002
6499 0.00002
6502 0.00002
6503 0.00002
6504 0.00002
6505 0.00002
6506 0.00002
6538 0.00002
6539 0.00002
6540 0.00002
6541 0.00002
6542 0.00002
6543 0.00002
6576 0.00002
6578 0.00002
6579 0.00002
6580 0.00002
6590 0.00002
6591 0.00002
6592 0.00002
6593 0.00002
6594 0.00002
6595 0.00002
6596 0.00002
6597 0.00002
6598 0.00002
6609 0.00002
6610 0.00002
6612 0.00002
6616 0.00002
6622 0.00002
6627 0.00002
6628 0.00002
6651 0.00002
6744 0.00002
6765 0.00002
6766 0.00002
6767 0.00002
6768 0.00002
6783 0.00002
6784 0.00002
6825 0.00002
6830 0.00002
6838 0.00002
6839 0.00002
6840 0.00002
6858 0.00002
6865 0.00002
6866 0.00002
6867 0.00002
6868 0.00002
6887 0.00002
6941 0.00002
6951 0.00002
7037 0.00002
7093 0.00002
7094 0.00002
7119 0.00002
7122 0.00002
7125 0.00002
7134 0.00002
7135 0.00002
7138 0.00002
7139 0.00002
7145 0.00002
7185 0.00002
7187 0.00002
7198 0.00002
7217 0.00002
7218 0.00002
7229 0.00002
7268 0.00002
7283 0.00002
7284 0.00002
7285 0.00002
7286 0.00002
7287 0.00002
7288 0.00002
7289 0.00002
7290 0.00002
7291 0.00002
7292 0.00002
7306 0.00002
7316 0.00002
7317 0.00002
7340 0.00002
7342 0.00002
7361 0.00002
7363 0.00002
7367 0.00002
7371 0.00002
7379 0.00002
7399 0.00002
7400 0.00002
7401 0.00002
7441 0.00002
7459 0.00002
7460 0.00002
7465 0.00002
7475 0.00002
7500 0.00002
7511 0.00002
7512 0.00002
7513 0.00002
7514 0.00002
7515 0.00002
7516 0.00002
7517 0.00002
7522 0.00002
7523 0.00002
7524 0.00002
7525 0.00002
7527 0.00002
7528 0.00002
7529 0.00002
7530 0.00002
7531 0.00002
7532 0.00002
7555 0.00002
7562 0.00002
7568 0.00002
7570 0.00002
7571 0.00002
7572 0.00002
7573 0.00002
7574 0.00002
7579 0.00002
7580 0.00002
7582 0.00002
7585 0.00002
7586 0.00002
7587 0.00002
7588 0.00002
7589 0.00002
7606 0.00002
7607 0.00002
7608 0.00002
7609 0.00002
7610 0.00002
7611 0.00002
7612 0.00002
7613 0.00002
7614 0.00002
7615 0.00002
7616 0.00002
7617 0.00002
7618 0.00002
7619 0.00002
7620 0.00002
7621 0.00002
7622 0.00002
7623 0.00002
7624 0.00002
7625 0.00002
7626 0.00002
7627 0.00002
7628 0.00002
7629 0.00002
7630 0.00002
7631 0.00002
7633 0.00002
7634 0.00002
7642 0.00002
7649 0.00002
7650 0.00002
7651 0.00002
7652 0.00002
7657 0.00002
7658 0.00002
7663 0.00002
7673 0.00002
7674 0.00002
7675 0.00002
7676 0.00002
7689 0.00002
7690 0.00002
7691 0.00002
7692 0.00002
7693 0.00002
7710 0.00002
7714 0.00002
7715 0.00002
7716 0.00002
7728 0.00002
7729 0.00002
7730 0.00002
7731 0.00002
7732 0.00002
7733 0.00002
7738 0.00002
7739 0.00002
7743 0.00002
7744 0.00002
7746 0.00002
7759 0.00002
7792 0.00002
7793 0.00002
7812 0.00002
7813 0.00002
7815 0.00002
7817 0.00002
7821 0.00002
7828 0.00002
7842 0.00002
7865 0.00002
7892 0.00002
7897 0.00002
7898 0.00002
7900 0.00002
7901 0.00002
7908 0.00002
7912 0.00002
7969 0.00002
7970 0.00002
7986 0.00002
7987 0.00002
7993 0.00002
7998 0.00002
7999 0.00002
8006 0.00002
8007 0.00002
8009 0.00002
8011 0.00002
8022 0.00002
8023 0.00002
8024 0.00002
8025 0.00002
8027 0.00002
8029 0.00002
8032 0.00002
8040 0.00002
8043 0.00002
8044 0.00002
8047 0.00002
8052 0.00002
8063 0.00002
8072 0.00002
8076 0.00002
8077 0.00002
8084 0.00002
8098 0.00002
8165 0.00002
8168 0.00002
8169 0.00002
8170 0.00002
8171 0.00002
8194 0.00002
8199 0.00002
8202 0.00002
8204 0.00002
8224 0.00002
8244 0.00002
8285 0.00002
8292 0.00002
8293 0.00002
8294 0.00002
8304 0.00002
8306 0.00002
8307 0.00002
8308 0.00002
8309 0.00002
8319 0.00002
8323 0.00002
8355 0.00002
8356 0.00002
8357 0.00002
8460 0.00002
8513 0.00002
8516 0.00002
8530 0.00002
8531 0.00002
8541 0.00002
8543 0.00002
8544 0.00002
8570 0.00002
8574 0.00002
8575 0.00002
8591 0.00002
8639 0.00002
8640 0.00002
8649 0.00002
8650 0.00002
8651 0.00002
8655 0.00002
8656 0.00002
8657 0.00002
8658 0.00002
8659 0.00002
8660 0.00002
8665 0.00002
8670 0.00002
8672 0.00002
8674 0.00002
8691 0.00002
8693 0.00002
8694 0.00002
8695 0.00002
8698 0.00002
8701 0.00002
8703 0.00002
8707 0.00002
8708 0.00002
8721 0.00002
8722 0.00002
8723 0.00002
8724 0.00002
8725 0.00002
8732 0.00002
8748 0.00002
8749 0.00002
8750 0.00002
8751 0.00002
8752 0.00002
8764 0.00002
8775 0.00002
8776 0.00002
8777 0.00002
8794 0.00002
8796 0.00002
8797 0.00002
8798 0.00002
8802 0.00002
8809 0.00002
8839 0.00002
8853 0.00002
8862 0.00002
8874 0.00002
8880 0.00002
8915 0.00002
8926 0.00002
8930 0.00002
8931 0.00002
8942 0.00002
8943 0.00002
8947 0.00002
8948 0.00002
8951 0.00002
8956 0.00002
8957 0.00002
8973 0.00002
8974 0.00002
8975 0.00002
8978 0.00002
8979 0.00002
8980 0.00002
8981 0.00002
8982 0.00002
8983 0.00002
8990 0.00002
8991 0.00002
8992 0.00002
8997 0.00002
9000 0.00002
9001 0.00002
9005 0.00002
9006 0.00002
9040 0.00002
9041 0.00002
9042 0.00002
9043 0.00002
9044 0.00002
9045 0.00002
9049 0.00002
9057 0.00002
9071 0.00002
9078 0.00002
9084 0.00002
9094 0.00002
9108 0.00002
9109 0.00002
9110 0.00002
9111 0.00002
9115 0.00002
9165 0.00002
9191 0.00002
9192 0.00002
9238 0.00002
9242 0.00002
9243 0.00002
9244 0.00002
9245 0.00002
9246 0.00002
9247 0.00002
9249 0.00002
9250 0.00002
9251 0.00002
9252 0.00002
9253 0.00002
9254 0.00002
9255 0.00002
9256 0.00002
9257 0.00002
9258 0.00002
9259 0.00002
9260 0.00002
9261 0.00002
9262 0.00002
9263 0.00002
9264 0.00002
9265 0.00002
9266 0.00002
9267 0.00002
9279 0.00002
9280 0.00002
9281 0.00002
9282 0.00002
9309 0.00002
9310 0.00002
9311 0.00002
9312 0.00002
9313 0.00002
9314 0.00002
9315 0.00002
9316 0.00002
9317 0.00002
9318 0.00002
9341 0.00002
9342 0.00002
9343 0.00002
9344 0.00002
9345 0.00002
9348 0.00002
9350 0.00002
9355 0.00002
9357 0.00002
9358 0.00002
9359 0.00002
9363 0.00002
9364 0.00002
9365 0.00002
9373 0.00002
9378 0.00002
9389 0.00002
9390 0.00002
9418 0.00002
9421 0.00002
9431 0.00002
9438 0.00002
9494 0.00002
9496 0.00002
9603 0.00002
9604 0.00002
9610 0.00002
9612 0.00002
9615 0.00002
9618 0.00002
9629 0.00002
9630 0.00002
9631 0.00002
9634 0.00002
9660 0.00002
9663 0.00002
9672 0.00002
9675 0.00002
9684 0.00002
9689 0.00002
9690 0.00002
9705 0.00002
9707 0.00002
9726 0.00002
9731 0.00002
9768 0.00002
9772 0.00002
9785 0.00002
9789 0.00002
9790 0.00002
9799 0.00002
9806 0.00002
9812 0.00002
9813 0.00002
9814 0.00002
9815 0.00002
9816 0.00002
9817 0.00002
9824 0.00002
9870 0.00002
9894 0.00002
9897 0.00002
9909 0.00002
9911 0.00002
9912 0.00002
9913 0.00002
9917 0.00002
9918 0.00002
9919 0.00002
9920 0.00002
9921 0.00002
9922 0.00002
9923 0.00002
9928 0.00002
9929 0.00002
9931 0.00002
9938 0.00002
9939 0.00002
9941 0.00002
10016 0.00002
10071 0.00002
10083 0.00002
10117 0.00002
10122 0.00002
10123 0.00002
10136 0.00002
10137 0.00002
10138 0.00002
10139 0.00002
10145 0.00002
10148 0.00002
10151 0.00002
10163 0.00002
10170 0.00002
10223 0.00002
10228 0.00002
10230 0.00002
10233 0.00002
10234 0.00002
10242 0.00002
10245 0.00002
10265 0.00002
10310 0.00002
10354 0.00002
10355 0.00002
10360 0.00002
10361 0.00002
10362 0.00002
10363 0.00002
10408 0.00002
10423 0.00002
10436 0.00002
10438 0.00002
10439 0.00002
10440 0.00002
10444 0.00002
10452 0.00002
10455 0.00002
10456 0.00002
10458 0.00002
10467 0.00002
10468 0.00002
10483 0.00002
10497 0.00002
10498 0.00002
10499 0.00002
10500 0.00002
10501 0.00002
10502 0.00002
10504 0.00002
10512 0.00002
10514 0.00002
10531 0.00002
10545 0.00002
10554 0.00002
10594 0.00002
10595 0.00002
10598 0.00002
10599 0.00002
10621 0.00002
10622 0.00002
10623 0.00002
10641 0.00002
10646 0.00002
10650 0.00002
10656 0.00002
10683 0.00002
10698 0.00002
10700 0.00002
10704 0.00002
10711 0.00002
10712 0.00002
10713 0.00002
10718 0.00002
10721 0.00002
10728 0.00002
10730 0.00002
10740 0.00002
10741 0.00002
10747 0.00002
10756 0.00002
10760 0.00002
10761 0.00002
10771 0.00002
10773 0.00002
10786 0.00002
10788 0.00002
10795 0.00002
10796 0.00002
10797 0.00002
10801 0.00002
10802 0.00002
10803 0.00002
10804 0.00002
10805 0.00002
10806 0.00002
10807 0.00002
10808 0.00002
10809 0.00002
10810 0.00002
10811 0.00002
10812 0.00002
10813 0.00002
10814 0.00002
10815 0.00002
10826 0.00002
10827 0.00002
10829 0.00002
10910 0.00002
10911 0.00002
10912 0.00002
10913 0.00002
10914 0.00002
10915 0.00002
10916 0.00002
10917 0.00002
10918 0.00002
10919 0.00002
10920 0.00002
10921 0.00002
10922 0.00002
10923 0.00002
10924 0.00002
10925 0.00002
10926 0.00002
10927 0.00002
10928 0.00002
10939 0.00002
10940 0.00002
10942 0.00002
10943 0.00002
10944 0.00002
10945 0.00002
10946 0.00002
10947 0.00002
10948 0.00002
10949 0.00002
10955 0.00002
10956 0.00002
10957 0.00002
10958 0.00002
10959 0.00002
10960 0.00002
10961 0.00002
10962 0.00002
10963 0.00002
10964 0.00002
10965 0.00002
10967 0.00002
10968 0.00002
10969 0.00002
10974 0.00002
10975 0.00002
10977 0.00002
10978 0.00002
10981 0.00002
10982 0.00002
11002 0.00002
11003 0.00002
11004 0.00002
11005 0.00002
11006 0.00002
11007 0.00002
11008 0.00002
11009 0.00002
11010 0.00002
11025 0.00002
11026 0.00002
11027 0.00002
11029 0.00002
11030 0.00002
11031 0.00002
11032 0.00002
11033 0.00002
11034 0.00002
11035 0.00002
11036 0.00002
11037 0.00002
11038 0.00002
11039 0.00002
11040 0.00002
11041 0.00002
11042 0.00002
11043 0.00002
11044 0.00002
11045 0.00002
11046 0.00002
11047 0.00002
11048 0.00002
11049 0.00002
11050 0.00002
11051 0.00002
11052 0.00002
11053 0.00002
11054 0.00002
11055 0.00002
11056 0.00002
11057 0.00002
11058 0.00002
11066 0.00002
11067 0.00002
11068 0.00002
11069 0.00002
11070 0.00002
11071 0.00002
11072 0.00002
11073 0.00002
11074 0.00002
11075 0.00002
11076 0.00002
11077 0.00002
11078 0.00002
11079 0.00002
11080 0.00002
11108 0.00002
11109 0.00002
11110 0.00002
11111 0.00002
11114 0.00002
11124 0.00002
11126 0.00002
11127 0.00002
11129 0.00002
11130 0.00002
11131 0.00002
11132 0.00002
11135 0.00002
11136 0.00002
11137 0.00002
11138 0.00002
11139 0.00002
11140 0.00002
11141 0.00002
11142 0.00002
11143 0.00002
11144 0.00002
11146 0.00002
11148 0.00002
11149 0.00002
11150 0.00002
11151 0.00002
11152 0.00002
11153 0.00002
11156 0.00002
11199 0.00002
11203 0.00002
11204 0.00002
11219 0.00002
11226 0.00002
11264 0.00002
11401 0.00002
11409 0.00002
11410 0.00002
11411 0.00002
11412 0.00002
11413 0.00002
11424 0.00002
11427 0.00002
11431 0.00002
11444 0.00002
11497 0.00002
11531 0.00002
11534 0.00002
11535 0.00002
11559 0.00002
11563 0.00002
11606 0.00002
11640 0.00002
11735 0.00002
11826 0.00002
11833 0.00002
11890 0.00002
11907 0.00002
11917 0.00002
11919 0.00002
11920 0.00002
11928 0.00002
11988 0.00002
12011 0.00002
12012 0.00002
12022 0.00002
12035 0.00002
12048 0.00002
12079 0.00002
12086 0.00002
12087 0.00002
12088 0.00002
12090 0.00002
12091 0.00002
12120 0.00002
12121 0.00002
12122 0.00002
12123 0.00002
12128 0.00002
12131 0.00002
12133 0.00002
12153 0.00002
12160 0.00002
12162 0.00002
12163 0.00002
12188 0.00002
12189 0.00002
12190 0.00002
12195 0.00002
12196 0.00002
12197 0.00002
12198 0.00002
12199 0.00002
12206 0.00002
12207 0.00002
12209 0.00002
12216 0.00002
12217 0.00002
12218 0.00002
12220 0.00002
12254 0.00002
12255 0.00002
12256 0.00002
12263 0.00002
12310 0.00002
12526 0.00002
12527 0.00002
12558 0.00002
12559 0.00002
12562 0.00002
12563 0.00002
12569 0.00002
12576 0.00002
12583 0.00002
12584 0.00002
12585 0.00002
12586 0.00002
12587 0.00002
12590 0.00002
12591 0.00002
12592 0.00002
12597 0.00002
12598 0.00002
12599 0.00002
12601 0.00002
12603 0.00002
12604 0.00002
12605 0.00002
12612 0.00002
12615 0.00002
12617 0.00002
12622 0.00002
12625 0.00002
12626 0.00002
12627 0.00002
12628 0.00002
12638 0.00002
12639 0.00002
12640 0.00002
12641 0.00002
12647 0.00002
12653 0.00002
12660 0.00002
12662 0.00002
12678 0.00002
12681 0.00002
12682 0.00002
12683 0.00002
12716 0.00002
12717 0.00002
12719 0.00002
12720 0.00002
12726 0.00002
12730 0.00002
12738 0.00002
12779 0.00002
12791 0.00002
12795 0.00002
12799 0.00002
12800 0.00002
12801 0.00002
12803 0.00002
12808 0.00002
12809 0.00002
12815 0.00002
12816 0.00002
12817 0.00002
12823 0.00002
12826 0.00002
12827 0.00002
12828 0.00002
12829 0.00002
12832 0.00002
12848 0.00002
12849 0.00002
12850 0.00002
12853 0.00002
12856 0.00002
12857 0.00002
12858 0.00002
12876 0.00002
12898 0.00002
12899 0.00002
12900 0.00002
12904 0.00002
12906 0.00002
12908 0.00002
12909 0.00002
12910 0.00002
12911 0.00002
12912 0.00002
12913 0.00002
12914 0.00002
12925 0.00002
12934 0.00002
12983 0.00002
12993 0.00002
12999 0.00002
13003 0.00002
13004 0.00002
13005 0.00002
13012 0.00002
13019 0.00002
13026 0.00002
13027 0.00002
13028 0.00002
13029 0.00002
13030 0.00002
13031 0.00002
13035 0.00002
13037 0.00002
13041 0.00002
13042 0.00002
13047 0.00002
13048 0.00002
13049 0.00002
13064 0.00002
13067 0.00002
13071 0.00002
13073 0.00002
13100 0.00002
13118 0.00002
13129 0.00002
13146 0.00002
13147 0.00002
13148 0.00002
13149 0.00002
13150 0.00002
13153 0.00002
13175 0.00002
13176 0.00002
13177 0.00002
13183 0.00002
13184 0.00002
13185 0.00002
13186 0.00002
13187 0.00002
13199 0.00002
13202 0.00002
13206 0.00002
13207 0.00002
13208 0.00002
13209 0.00002
13211 0.00002
13241 0.00002
13248 0.00002
13249 0.00002
13254 0.00002
13255 0.00002
13256 0.00002
13257 0.00002
13258 0.00002
13259 0.00002
13260 0.00002
13261 0.00002
13271 0.00002
13272 0.00002
13284 0.00002
13311 0.00002
13312 0.00002
13313 0.00002
13314 0.00002
13321 0.00002
13322 0.00002
13324 0.00002
13325 0.00002
13327 0.00002
13338 0.00002
13339 0.00002
13340 0.00002
13341 0.00002
13342 0.00002
13345 0.00002
13346 0.00002
13347 0.00002
13348 0.00002
13351 0.00002
13352 0.00002
13353 0.00002
13354 0.00002
13361 0.00002
13362 0.00002
13363 0.00002
13364 0.00002
13381 0.00002
13382 0.00002
13383 0.00002
13384 0.00002
13385 0.00002
13386 0.00002
13387 0.00002
13388 0.00002
13389 0.00002
13390 0.00002
13391 0.00002
13392 0.00002
13396 0.00002
13398 0.00002
13400 0.00002
13413 0.00002
13418 0.00002
13426 0.00002
13432 0.00002
13461 0.00002
13479 0.00002
13481 0.00002
13483 0.00002
13484 0.00002
13485 0.00002
13486 0.00002
13487 0.00002
13488 0.00002
13489 0.00002
13490 0.00002
13491 0.00002
13492 0.00002
13493 0.00002
13494 0.00002
13495 0.00002
13496 0.00002
13497 0.00002
13498 0.00002
13499 0.00002
13500 0.00002
13501 0.00002
13502 0.00002
13503 0.00002
13514 0.00002
13516 0.00002
13517 0.00002
13518 0.00002
13519 0.00002
13520 0.00002
13521 0.00002
13522 0.00002
13523 0.00002
13524 0.00002
13525 0.00002
13526 0.00002
13527 0.00002
13529 0.00002
13532 0.00002
13534 0.00002
13537 0.00002
13538 0.00002
13545 0.00002
13546 0.00002
13547 0.00002
13548 0.00002
13549 0.00002
13550 0.00002
13553 0.00002
13569 0.00002
13570 0.00002
13576 0.00002
13577 0.00002
13578 0.00002
13579 0.00002
13585 0.00002
13587 0.00002
13589 0.00002
13590 0.00002
13591 0.00002
13592 0.00002
13594 0.00002
13595 0.00002
13596 0.00002
13603 0.00002
13606 0.00002
13612 0.00002
13615 0.00002
13616 0.00002
13621 0.00002
13633 0.00002
13669 0.00002
13670 0.00002
13675 0.00002
13676 0.00002
13682 0.00002
13697 0.00002
13703 0.00002
13704 0.00002
13705 0.00002
13706 0.00002
13721 0.00002
13725 0.00002
13728 0.00002
13746 0.00002
13766 0.00002
13776 0.00002
13781 0.00002
13782 0.00002
13789 0.00002
13791 0.00002
13792 0.00002
13793 0.00002
13809 0.00002
13811 0.00002
13815 0.00002
13819 0.00002
13822 0.00002
13823 0.00002
13826 0.00002
13827 0.00002
13828 0.00002
13831 0.00002
13834 0.00002
13835 0.00002
13836 0.00002
13840 0.00002
13841 0.00002
13848 0.00002
13849 0.00002
13880 0.00002
13889 0.00002
13897 0.00002
13906 0.00002
13916 0.00002
13930 0.00002
13931 0.00002
13934 0.00002
13942 0.00002
13969 0.00002
13973 0.00002
13977 0.00002
13986 0.00002
13999 0.00002
14000 0.00002
14008 0.00002
14016 0.00002
14020 0.00002
14022 0.00002
14033 0.00002
14042 0.00002
14048 0.00002
14057 0.00002
14065 0.00002
14074 0.00002
14079 0.00002
14080 0.00002
14081 0.00002
14087 0.00002
14089 0.00002
14092 0.00002
14096 0.00002
14097 0.00002
14105 0.00002
14108 0.00002
14110 0.00002
14114 0.00002
14115 0.00002
14116 0.00002
14117 0.00002
14121 0.00002
14122 0.00002
14123 0.00002
14155 0.00002
14156 0.00002
14157 0.00002
14158 0.00002
14162 0.00002
14165 0.00002
14168 0.00002
14169 0.00002
14176 0.00002
14194 0.00002
14195 0.00002
14215 0.00002
14249 0.00002
14271 0.00002
14286 0.00002
14293 0.00002
14295 0.00002
14296 0.00002
14298 0.00002
14299 0.00002
14302 0.00002
14307 0.00002
14310 0.00002
14314 0.00002
14315 0.00002
14316 0.00002
14323 0.00002
14324 0.00002
14337 0.00002
14339 0.00002
14343 0.00002
14345 0.00002
14348 0.00002
14358 0.00002
14369 0.00002
14371 0.00002
14372 0.00002
14373 0.00002
14374 0.00002
14376 0.00002
14378 0.00002
14381 0.00002
14382 0.00002
14390 0.00002
14422 0.00002
14424 0.00002
14425 0.00002
14426 0.00002
14432 0.00002
14433 0.00002
14449 0.00002
14450 0.00002
14451 0.00002
14452 0.00002
14475 0.00002
14491 0.00002
14494 0.00002
14504 0.00002
14506 0.00002
14511 0.00002
14512 0.00002
14524 0.00002
14525 0.00002
14526 0.00002
14527 0.00002
14528 0.00002
14538 0.00002
14541 0.00002
14543 0.00002
14550 0.00002
14551 0.00002
14554 0.00002
14556 0.00002
14557 0.00002
14558 0.00002
14559 0.00002
14561 0.00002
14571 0.00002
14574 0.00002
14575 0.00002
14576 0.00002
14581 0.00002
14584 0.00002
14590 0.00002
14593 0.00002
14599 0.00002
14600 0.00002
14615 0.00002
14616 0.00002
14620 0.00002
14621 0.00002
14622 0.00002
14624 0.00002
14625 0.00002
14635 0.00002
14637 0.00002
14638 0.00002
14646 0.00002
14647 0.00002
14648 0.00002
14650 0.00002
14663 0.00002
14669 0.00002
14675 0.00002
14680 0.00002
14687 0.00002
14688 0.00002
14689 0.00002
14690 0.00002
14691 0.00002
14692 0.00002
14701 0.00002
14703 0.00002
14704 0.00002
14735 0.00002
14736 0.00002
14742 0.00002
14744 0.00002
14745 0.00002
14748 0.00002
14749 0.00002
14750 0.00002
14751 0.00002
14755 0.00002
14767 0.00002
14769 0.00002
14771 0.00002
14779 0.00002
14780 0.00002
14781 0.00002
14782 0.00002
14783 0.00002
14784 0.00002
14785 0.00002
14786 0.00002
14787 0.00002
14788 0.00002
14789 0.00002
14790 0.00002
14793 0.00002
14794 0.00002
14795 0.00002
14799 0.00002
14800 0.00002
14806 0.00002
14807 0.00002
14810 0.00002
14818 0.00002
14823 0.00002
14824 0.00002
14825 0.00002
14829 0.00002
14840 0.00002
14841 0.00002
14842 0.00002
14846 0.00002
14850 0.00002
14868 0.00002
14892 0.00002
14893 0.00002
14894 0.00002
14895 0.00002
14896 0.00002
14897 0.00002
14900 0.00002
14901 0.00002
14903 0.00002
14904 0.00002
14906 0.00002
14907 0.00002
14908 0.00002
14915 0.00002
14919 0.00002
14920 0.00002
14923 0.00002
14924 0.00002
14927 0.00002
14949 0.00002
14951 0.00002
14952 0.00002
14955 0.00002
14957 0.00002
14958 0.00002
14959 0.00002
14962 0.00002
14963 0.00002
14964 0.00002
14965 0.00002
14969 0.00002
14970 0.00002
14971 0.00002
14972 0.00002
14973 0.00002
14974 0.00002
14975 0.00002
14978 0.00002
14982 0.00002
14985 0.00002
14990 0.00002
14993 0.00002
15025 0.00002
15026 0.00002
15027 0.00002
15029 0.00002
15048 0.00002
15060 0.00002
15061 0.00002
15066 0.00002
15067 0.00002
15068 0.00002
15077 0.00002
15078 0.00002
15083 0.00002
15087 0.00002
15088 0.00002
15089 0.00002
15090 0.00002
15093 0.00002
15094 0.00002
15102 0.00002
15113 0.00002
15115 0.00002
15116 0.00002
15117 0.00002
15118 0.00002
15121 0.00002
15122 0.00002
15123 0.00002
15128 0.00002
15144 0.00002
15160 0.00002
15161 0.00002
15162 0.00002
15163 0.00002
15166 0.00002
15169 0.00002
15173 0.00002
15212 0.00002
15221 0.00002
15225 0.00002
15226 0.00002
15229 0.00002
15230 0.00002
15233 0.00002
15234 0.00002
15281 0.00002
15285 0.00002
15296 0.00002
15297 0.00002
15298 0.00002
15301 0.00002
15302 0.00002
15341 0.00002
15367 0.00002
15368 0.00002
15369 0.00002
15370 0.00002
15371 0.00002
15372 0.00002
15383 0.00002
15384 0.00002
15385 0.00002
15386 0.00002
15389 0.00002
15406 0.00002
15414 0.00002
15416 0.00002
15418 0.00002
15425 0.00002
15426 0.00002
15427 0.00002
15428 0.00002
15429 0.00002
15431 0.00002
15432 0.00002
15434 0.00002
15439 0.00002
15440 0.00002
15441 0.00002
15456 0.00002
15464 0.00002
15465 0.00002
15466 0.00002
15467 0.00002
15468 0.00002
15469 0.00002
15470 0.00002
15471 0.00002
15472 0.00002
15474 0.00002
15475 0.00002
15476 0.00002
15477 0.00002
15484 0.00002
15485 0.00002
15488 0.00002
15489 0.00002
15493 0.00002
15496 0.00002
15505 0.00002
15507 0.00002
15508 0.00002
15509 0.00002
15515 0.00002
15521 0.00002
15522 0.00002
15573 0.00002
15581 0.00002
15589 0.00002
15609 0.00002
15611 0.00002
15612 0.00002
15613 0.00002
15639 0.00002
15640 0.00002
15652 0.00002
15655 0.00002
15660 0.00002
15661 0.00002
15665 0.00002
15666 0.00002
15667 0.00002
15679 0.00002
15692 0.00002
15731 0.00002
15732 0.00002
15733 0.00002
15734 0.00002
15738 0.00002
15739 0.00002
15741 0.00002
15742 0.00002
15747 0.00002
15748 0.00002
15754 0.00002
15755 0.00002
15759 0.00002
15760 0.00002
15763 0.00002
15764 0.00002
15765 0.00002
15769 0.00002
15770 0.00002
15771 0.00002
15772 0.00002
15773 0.00002
15774 0.00002
15775 0.00002
15776 0.00002
15777 0.00002
15778 0.00002
15779 0.00002
15780 0.00002
15781 0.00002
15782 0.00002
15792 0.00002
15793 0.00002
15795 0.00002
15798 0.00002
15799 0.00002
15800 0.00002
15801 0.00002
15802 0.00002
15805 0.00002
15806 0.00002
15810 0.00002
15811 0.00002
15812 0.00002
15813 0.00002
15814 0.00002
15823 0.00002
15824 0.00002
15825 0.00002
15826 0.00002
15827 0.00002
15829 0.00002
15830 0.00002
15831 0.00002
15834 0.00002
15835 0.00002
15836 0.00002
15837 0.00002
15838 0.00002
15839 0.00002
15840 0.00002
15841 0.00002
15843 0.00002
15844 0.00002
15845 0.00002
15846 0.00002
15847 0.00002
15848 0.00002
15849 0.00002
15850 0.00002
15851 0.00002
15852 0.00002
15853 0.00002
15854 0.00002
15855 0.00002
15856 0.00002
15857 0.00002
15858 0.00002
15859 0.00002
15860 0.00002
15861 0.00002
15862 0.00002
15863 0.00002
15864 0.00002
15865 0.00002
15866 0.00002
15867 0.00002
15868 0.00002
15869 0.00002
15870 0.00002
15878 0.00002
15879 0.00002
15880 0.00002
15882 0.00002
15883 0.00002
15884 0.00002
15885 0.00002
15886 0.00002
15887 0.00002
15888 0.00002
15889 0.00002
15890 0.00002
15894 0.00002
15895 0.00002
15896 0.00002
15897 0.00002
15900 0.00002
15901 0.00002
15902 0.00002
15903 0.00002
15904 0.00002
15927 0.00002
15928 0.00002
15929 0.00002
15930 0.00002
15931 0.00002
15932 0.00002
15933 0.00002
15935 0.00002
15936 0.00002
15937 0.00002
15938 0.00002
15939 0.00002
15940 0.00002
15941 0.00002
15942 0.00002
15943 0.00002
15944 0.00002
15945 0.00002
15946 0.00002
15948 0.00002
15949 0.00002
15951 0.00002
15953 0.00002
15954 0.00002
15955 0.00002
15957 0.00002
15968 0.00002
15969 0.00002
15972 0.00002
15973 0.00002
15974 0.00002
15975 0.00002
15976 0.00002
15977 0.00002
15978 0.00002
15979 0.00002
15980 0.00002
15981 0.00002
15982 0.00002
15983 0.00002
15985 0.00002
15986 0.00002
15987 0.00002
15988 0.00002
15989 0.00002
15990 0.00002
15991 0.00002
15993 0.00002
15994 0.00002
15995 0.00002
15996 0.00002
15999 0.00002
16000 0.00002
16002 0.00002
16003 0.00002
16004 0.00002
16005 0.00002
16006 0.00002
16007 0.00002
16008 0.00002
16010 0.00002
16011 0.00002
16012 0.00002
16013 0.00002
16017 0.00002
16018 0.00002
16019 0.00002
16020 0.00002
16021 0.00002
16022 0.00002
16023 0.00002
16024 0.00002
16025 0.00002
16026 0.00002
16027 0.00002
16028 0.00002
16029 0.00002
16030 0.00002
16031 0.00002
16035 0.00002
16036 0.00002
16038 0.00002
16039 0.00002
16040 0.00002
16041 0.00002
16042 0.00002
16043 0.00002
16044 0.00002
16045 0.00002
16046 0.00002
16047 0.00002
16048 0.00002
16049 0.00002
16050 0.00002
16051 0.00002
16052 0.00002
16054 0.00002
16055 0.00002
16056 0.00002
16060 0.00002
16061 0.00002
16062 0.00002
16063 0.00002
16065 0.00002
16066 0.00002
16067 0.00002
16068 0.00002
16069 0.00002
16070 0.00002
16071 0.00002
16072 0.00002
16073 0.00002
16078 0.00002
16079 0.00002
16080 0.00002
16081 0.00002
16082 0.00002
16083 0.00002
16084 0.00002
16085 0.00002
16086 0.00002
16088 0.00002
16095 0.00002
16096 0.00002
16097 0.00002
16099 0.00002
16100 0.00002
16101 0.00002
16103 0.00002
16104 0.00002
16105 0.00002
16106 0.00002
16107 0.00002
16115 0.00002
16116 0.00002
16117 0.00002
16119 0.00002
16120 0.00002
16122 0.00002
16124 0.00002
16125 0.00002
16126 0.00002
16128 0.00002
16129 0.00002
16130 0.00002
16131 0.00002
16141 0.00002
16142 0.00002
16143 0.00002
16145 0.00002
16146 0.00002
16147 0.00002
16148 0.00002
16149 0.00002
16150 0.00002
16151 0.00002
16152 0.00002
16154 0.00002
16155 0.00002
16156 0.00002
16164 0.00002
16166 0.00002
16167 0.00002
16168 0.00002
16169 0.00002
16170 0.00002
16172 0.00002
16173 0.00002
16174 0.00002
16175 0.00002
16176 0.00002
16177 0.00002
16179 0.00002
16180 0.00002
16181 0.00002
16182 0.00002
16183 0.00002
16184 0.00002
16185 0.00002
16187 0.00002
16188 0.00002
16189 0.00002
16190 0.00002
16191 0.00002
16192 0.00002
16193 0.00002
16194 0.00002
16195 0.00002
16199 0.00002
16200 0.00002
16204 0.00002
16226 0.00002
16228 0.00002
16229 0.00002
16230 0.00002
16231 0.00002
16232 0.00002
16233 0.00002
16234 0.00002
16238 0.00002
16239 0.00002
16240 0.00002
16241 0.00002
16242 0.00002
16243 0.00002
16244 0.00002
16245 0.00002
16252 0.00002
16253 0.00002
16255 0.00002
16256 0.00002
16257 0.00002
16258 0.00002
16259 0.00002
16260 0.00002
16261 0.00002
16267 0.00002
16268 0.00002
16269 0.00002
16270 0.00002
16271 0.00002
16272 0.00002
16275 0.00002
16276 0.00002
16277 0.00002
16278 0.00002
16279 0.00002
16280 0.00002
16281 0.00002
16282 0.00002
16285 0.00002
16286 0.00002
16287 0.00002
16288 0.00002
16289 0.00002
16290 0.00002
16291 0.00002
16292 0.00002
16293 0.00002
16294 0.00002
16295 0.00002
16300 0.00002
16301 0.00002
16302 0.00002
16303 0.00002
16306 0.00002
16312 0.00002
16313 0.00002
16315 0.00002
16316 0.00002
16317 0.00002
16322 0.00002
16323 0.00002
16324 0.00002
16325 0.00002
16327 0.00002
16328 0.00002
16329 0.00002
16331 0.00002
16333 0.00002
16337 0.00002
16338 0.00002
16339 0.00002
16340 0.00002
16341 0.00002
16342 0.00002
16344 0.00002
16345 0.00002
16346 0.00002
16347 0.00002
16348 0.00002
16349 0.00002
16350 0.00002
16351 0.00002
16353 0.00002
16356 0.00002
16357 0.00002
16358 0.00002
16359 0.00002
16360 0.00002
16361 0.00002
16362 0.00002
16364 0.00002
16365 0.00002
16368 0.00002
16380 0.00002
16381 0.00002
16382 0.00002
16383 0.00002
16384 0.00002
16385 0.00002
16386 0.00002
16387 0.00002
16388 0.00002
16389 0.00002
16390 0.00002
16392 0.00002
16393 0.00002
16406 0.00002
16407 0.00002
16408 0.00002
16409 0.00002
16410 0.00002
16411 0.00002
16415 0.00002
16440 0.00002
16443 0.00002
16450 0.00002
16466 0.00002
16467 0.00002
16469 0.00002
16472 0.00002
16477 0.00002
16478 0.00002
16481 0.00002
16491 0.00002
16492 0.00002
16493 0.00002
16494 0.00002
16496 0.00002
16498 0.00002
16500 0.00002
16502 0.00002
16503 0.00002
16504 0.00002
16505 0.00002
16508 0.00002
16510 0.00002
16511 0.00002
16513 0.00002
16514 0.00002
16515 0.00002
16517 0.00002
16519 0.00002
16520 0.00002
16522 0.00002
16523 0.00002
16524 0.00002
16525 0.00002
16526 0.00002
16527 0.00002
16529 0.00002
16530 0.00002
16531 0.00002
16532 0.00002
16535 0.00002
16536 0.00002
16537 0.00002
16538 0.00002
16539 0.00002
16540 0.00002
16541 0.00002
16542 0.00002
16543 0.00002
16544 0.00002
16546 0.00002
16547 0.00002
16549 0.00002
16550 0.00002
16552 0.00002
16553 0.00002
16558 0.00002
16559 0.00002
16560 0.00002
16562 0.00002
16564 0.00002
16565 0.00002
16566 0.00002
16567 0.00002
16568 0.00002
16570 0.00002
16571 0.00002
16572 0.00002
16574 0.00002
16579 0.00002
16580 0.00002
16581 0.00002
16582 0.00002
16584 0.00002
16597 0.00002
16598 0.00002
16599 0.00002
16600 0.00002
16601 0.00002
16603 0.00002
16605 0.00002
16606 0.00002
16607 0.00002
16608 0.00002
16609 0.00002
16610 0.00002
16611 0.00002
16612 0.00002
16613 0.00002
16614 0.00002
16616 0.00002
16617 0.00002
16620 0.00002
16621 0.00002
16622 0.00002
16623 0.00002
16627 0.00002
16629 0.00002
16631 0.00002
16632 0.00002
16633 0.00002
16634 0.00002
16635 0.00002
16636 0.00002
16637 0.00002
16638 0.00002
16641 0.00002
16642 0.00002
16643 0.00002
16646 0.00002
16647 0.00002
16650 0.00002
16651 0.00002
16664 0.00002
16665 0.00002
16666 0.00002
16667 0.00002
16668 0.00002
16669 0.00002
16670 0.00002
16671 0.00002
16672 0.00002
16673 0.00002
16674 0.00002
16675 0.00002
16676 0.00002
16680 0.00002
16682 0.00002
16683 0.00002
16684 0.00002
16686 0.00002
16687 0.00002
16691 0.00002
16692 0.00002
16693 0.00002
16694 0.00002
16695 0.00002
16698 0.00002
16699 0.00002
16705 0.00002
16723 0.00002
16725 0.00002
16726 0.00002
16727 0.00002
16728 0.00002
16729 0.00002
16730 0.00002
16731 0.00002
16732 0.00002
16736 0.00002
16739 0.00002
16742 0.00002
16744 0.00002
16748 0.00002
16755 0.00002
16759 0.00002
16760 0.00002
16766 0.00002
16770 0.00002
16771 0.00002
16773 0.00002
16774 0.00002
16775 0.00002
16776 0.00002
16777 0.00002
16778 0.00002
16779 0.00002
16780 0.00002
16781 0.00002
16782 0.00002
16783 0.00002
16784 0.00002
16785 0.00002
16786 0.00002
16787 0.00002
16788 0.00002
16789 0.00002
16790 0.00002
16791 0.00002
16792 0.00002
16795 0.00002
16796 0.00002
16798 0.00002
16799 0.00002
16800 0.00002
16801 0.00002
16803 0.00002
16810 0.00002
16811 0.00002
16812 0.00002
16813 0.00002
16815 0.00002
16818 0.00002
16819 0.00002
16820 0.00002
16821 0.00002
16822 0.00002
16823 0.00002
16824 0.00002
16834 0.00002
16850 0.00002
16851 0.00002
16852 0.00002
16853 0.00002
16854 0.00002
16856 0.00002
16859 0.00002
16861 0.00002
16862 0.00002
16863 0.00002
16864 0.00002
16872 0.00002
16876 0.00002
16898 0.00002
16901 0.00002
16902 0.00002
16912 0.00002
16913 0.00002
16918 0.00002
16931 0.00002
16933 0.00002
16934 0.00002
16938 0.00002
16951 0.00002
16953 0.00002
16954 0.00002
16955 0.00002
16956 0.00002
16957 0.00002
16959 0.00002
16960 0.00002
16973 0.00002
16974 0.00002
16975 0.00002
16976 0.00002
16982 0.00002
16983 0.00002
16984 0.00002
16986 0.00002
16992 0.00002
16993 0.00002
16994 0.00002
16995 0.00002
16996 0.00002
16997 0.00002
16998 0.00002
16999 0.00002
17000 0.00002
17005 0.00002
17006 0.00002
17007 0.00002
17008 0.00002
17009 0.00002
17010 0.00002
17011 0.00002
17014 0.00002
17015 0.00002
17016 0.00002
17019 0.00002
17020 0.00002
17035 0.00002
17036 0.00002
17039 0.00002
17047 0.00002
17049 0.00002
17050 0.00002
17051 0.00002
17077 0.00002
17080 0.00002
17081 0.00002
17083 0.00002
17085 0.00002
17087 0.00002
17089 0.00002
17092 0.00002
17093 0.00002
17094 0.00002
17105 0.00002
17106 0.00002
17107 0.00002
17108 0.00002
17109 0.00002
17110 0.00002
17112 0.00002
17118 0.00002
17119 0.00002
17129 0.00002
17130 0.00002
17131 0.00002
17132 0.00002
17133 0.00002
17138 0.00002
17142 0.00002
17143 0.00002
17147 0.00002
17148 0.00002
17149 0.00002
17150 0.00002
17151 0.00002
17154 0.00002
17158 0.00002
17165 0.00002
17166 0.00002
17167 0.00002
17168 0.00002
17173 0.00002
17174 0.00002
17177 0.00002
17178 0.00002
17187 0.00002
17188 0.00002
17189 0.00002
17192 0.00002
17193 0.00002
17197 0.00002
17198 0.00002
17199 0.00002
17200 0.00002
17201 0.00002
17202 0.00002
17203 0.00002
17204 0.00002
17205 0.00002
17206 0.00002
17207 0.00002
17208 0.00002
17261 0.00002
17262 0.00002
17263 0.00002
17264 0.00002
17265 0.00002
17269 0.00002
17270 0.00002
17271 0.00002
17273 0.00002
17287 0.00002
17293 0.00002
17297 0.00002
17298 0.00002
17303 0.00002
17310 0.00002
17311 0.00002
17312 0.00002
17329 0.00002
17332 0.00002
17333 0.00002
17334 0.00002
17336 0.00002
17337 0.00002
17338 0.00002
17346 0.00002
17349 0.00002
17350 0.00002
17351 0.00002
17353 0.00002
17354 0.00002
17355 0.00002
17358 0.00002
17359 0.00002
17360 0.00002
17367 0.00002
17369 0.00002
17377 0.00002
17378 0.00002
17379 0.00002
17383 0.00002
17384 0.00002
17386 0.00002
17387 0.00002
17388 0.00002
17389 0.00002
17394 0.00002
17405 0.00002
17406 0.00002
17418 0.00002
17421 0.00002
17422 0.00002
17424 0.00002
17427 0.00002
17428 0.00002
17429 0.00002
17430 0.00002
17431 0.00002
17433 0.00002
17435 0.00002
17437 0.00002
17438 0.00002
17442 0.00002
17443 0.00002
17444 0.00002
17447 0.00002
17448 0.00002
17450 0.00002
17451 0.00002
17452 0.00002
17454 0.00002
17455 0.00002
17456 0.00002
17457 0.00002
17458 0.00002
17459 0.00002
17462 0.00002
17463 0.00002
17464 0.00002
17465 0.00002
17467 0.00002
17468 0.00002
17469 0.00002
17472 0.00002
17473 0.00002
17475 0.00002
17477 0.00002
17478 0.00002
17486 0.00002
17487 0.00002
17488 0.00002
17489 0.00002
17490 0.00002
17491 0.00002
17495 0.00002
17501 0.00002
17502 0.00002
17504 0.00002
17505 0.00002
17506 0.00002
17507 0.00002
17508 0.00002
17515 0.00002
17516 0.00002
17519 0.00002
17520 0.00002
17528 0.00002
17530 0.00002
17531 0.00002
17536 0.00002
17539 0.00002
17541 0.00002
17553 0.00002
17557 0.00002
17558 0.00002
17559 0.00002
17560 0.00002
17561 0.00002
17562 0.00002
17563 0.00002
17566 0.00002
17568 0.00002
17570 0.00002
17584 0.00002
17586 0.00002
17587 0.00002
17588 0.00002
17589 0.00002
17590 0.00002
17595 0.00002
17599 0.00002
17604 0.00002
17605 0.00002
17606 0.00002
17609 0.00002
17610 0.00002
17616 0.00002
17617 0.00002
17618 0.00002
17619 0.00002
17620 0.00002
17621 0.00002
17622 0.00002
17624 0.00002
17625 0.00002
17628 0.00002
17629 0.00002
17630 0.00002
17631 0.00002
17632 0.00002
17633 0.00002
17634 0.00002
17644 0.00002
17647 0.00002
17648 0.00002
17649 0.00002
17650 0.00002
17651 0.00002
17656 0.00002
17658 0.00002
17661 0.00002
17662 0.00002
17664 0.00002
17665 0.00002
17666 0.00002
17667 0.00002
17668 0.00002
17669 0.00002
17670 0.00002
17671 0.00002
17681 0.00002
17682 0.00002
17683 0.00002
17686 0.00002
17690 0.00002
17691 0.00002
17706 0.00002
17707 0.00002
17708 0.00002
17709 0.00002
17712 0.00002
17713 0.00002
17715 0.00002
17716 0.00002
17717 0.00002
17718 0.00002
17719 0.00002
17720 0.00002
17724 0.00002
17732 0.00002
17733 0.00002
17738 0.00002
17758 0.00002
17774 0.00002
17775 0.00002
17785 0.00002
17786 0.00002
17787 0.00002
17788 0.00002
17789 0.00002
17790 0.00002
17791 0.00002
17792 0.00002
17793 0.00002
17794 0.00002
17795 0.00002
17796 0.00002
17797 0.00002
17798 0.00002
17799 0.00002
17800 0.00002
17801 0.00002
17802 0.00002
17803 0.00002
17804 0.00002
17805 0.00002
17806 0.00002
17807 0.00002
17810 0.00002
17811 0.00002
17812 0.00002
17813 0.00002
17814 0.00002
17815 0.00002
17816 0.00002
17817 0.00002
17818 0.00002
17819 0.00002
17820 0.00002
17823 0.00002
17824 0.00002
17825 0.00002
17831 0.00002
17832 0.00002
17833 0.00002
17834 0.00002
17835 0.00002
17838 0.00002
17839 0.00002
17841 0.00002
17847 0.00002
17857 0.00002
17859 0.00002
17860 0.00002
17862 0.00002
17891 0.00002
17892 0.00002
17893 0.00002
17901 0.00002
17920 0.00002
17921 0.00002
17922 0.00002
17923 0.00002
17926 0.00002
17930 0.00002
17931 0.00002
17932 0.00002
17933 0.00002
17934 0.00002
17935 0.00002
17936 0.00002
17937 0.00002
17938 0.00002
17939 0.00002
17940 0.00002
17942 0.00002
17943 0.00002
17944 0.00002
17945 0.00002
17946 0.00002
17947 0.00002
17948 0.00002
17949 0.00002
17950 0.00002
17952 0.00002
17953 0.00002
17954 0.00002
17956 0.00002
17992 0.00002
18008 0.00002
18009 0.00002
18010 0.00002
18012 0.00002
18013 0.00002
18014 0.00002
18016 0.00002
18021 0.00002
18031 0.00002
18032 0.00002
18038 0.00002
18039 0.00002
18040 0.00002
18041 0.00002
18042 0.00002
18043 0.00002
18044 0.00002
18045 0.00002
18046 0.00002
18047 0.00002
18048 0.00002
18049 0.00002
18050 0.00002
18051 0.00002
18052 0.00002
18053 0.00002
18054 0.00002
18055 0.00002
18056 0.00002
18057 0.00002
18058 0.00002
18059 0.00002
18060 0.00002
18061 0.00002
18062 0.00002
18063 0.00002
18064 0.00002
18065 0.00002
18066 0.00002
18067 0.00002
18068 0.00002
18069 0.00002
18070 0.00002
18071 0.00002
18072 0.00002
18078 0.00002
18079 0.00002
18081 0.00002
18082 0.00002
18083 0.00002
18084 0.00002
18085 0.00002
18086 0.00002
18087 0.00002
18088 0.00002
18089 0.00002
18091 0.00002
18104 0.00002
18106 0.00002
18107 0.00002
18108 0.00002
18109 0.00002
18110 0.00002
18111 0.00002
18112 0.00002
18113 0.00002
18114 0.00002
18115 0.00002
18116 0.00002
18117 0.00002
18118 0.00002
18119 0.00002
18120 0.00002
18121 0.00002
18122 0.00002
18123 0.00002
18124 0.00002
18125 0.00002
18126 0.00002
18133 0.00002
18135 0.00002
18136 0.00002
18139 0.00002
18140 0.00002
18142 0.00002
18143 0.00002
18145 0.00002
18147 0.00002
18150 0.00002
18151 0.00002
18153 0.00002
18154 0.00002
18155 0.00002
18156 0.00002
18157 0.00002
18165 0.00002
18167 0.00002
18168 0.00002
18169 0.00002
18170 0.00002
18171 0.00002
18180 0.00002
18181 0.00002
18182 0.00002
18183 0.00002
18184 0.00002
18185 0.00002
18186 0.00002
18187 0.00002
18188 0.00002
18189 0.00002
18190 0.00002
18192 0.00002
18193 0.00002
18194 0.00002
18202 0.00002
18203 0.00002
18205 0.00002
18210 0.00002
18216 0.00002
18218 0.00002
18224 0.00002
18229 0.00002
18230 0.00002
18232 0.00002
18233 0.00002
18234 0.00002
18235 0.00002
18238 0.00002
18241 0.00002
18244 0.00002
18249 0.00002
18251 0.00002
18252 0.00002
18253 0.00002
18254 0.00002
18267 0.00002
18268 0.00002
18269 0.00002
18270 0.00002
18276 0.00002
18277 0.00002
18278 0.00002
18279 0.00002
18280 0.00002
18283 0.00002
18284 0.00002
18286 0.00002
18288 0.00002
18294 0.00002
18297 0.00002
18300 0.00002
18313 0.00002
18316 0.00002
18318 0.00002
18319 0.00002
18324 0.00002
18325 0.00002
18326 0.00002
18327 0.00002
18332 0.00002
18333 0.00002
18334 0.00002
18336 0.00002
18337 0.00002
18339 0.00002
18340 0.00002
18349 0.00002
18351 0.00002
18352 0.00002
18354 0.00002
18360 0.00002
18442 0.00002
18444 0.00002
18455 0.00002
18456 0.00002
18457 0.00002
18461 0.00002
18462 0.00002
18463 0.00002
18465 0.00002
18466 0.00002
18468 0.00002
18469 0.00002
18471 0.00002
18473 0.00002
18475 0.00002
18478 0.00002
18480 0.00002
18481 0.00002
18482 0.00002
18483 0.00002
18484 0.00002
18487 0.00002
18492 0.00002
18494 0.00002
18495 0.00002
18496 0.00002
18497 0.00002
18498 0.00002
18499 0.00002
18503 0.00002
18504 0.00002
18505 0.00002
18506 0.00002
18513 0.00002
18514 0.00002
18515 0.00002
18516 0.00002
18517 0.00002
18518 0.00002
18519 0.00002
18520 0.00002
18521 0.00002
18522 0.00002
18524 0.00002
18525 0.00002
18526 0.00002
18527 0.00002
18528 0.00002
18529 0.00002
18530 0.00002
18531 0.00002
18532 0.00002
18533 0.00002
18534 0.00002
18535 0.00002
18536 0.00002
18540 0.00002
18541 0.00002
18542 0.00002
18556 0.00002
18558 0.00002
18560 0.00002
18563 0.00002
18572 0.00002
18573 0.00002
18576 0.00002
18580 0.00002
18584 0.00002
18588 0.00002
18589 0.00002
18592 0.00002
18593 0.00002
18598 0.00002
18599 0.00002
18601 0.00002
18602 0.00002
18604 0.00002
18607 0.00002
18621 0.00002
18622 0.00002
18623 0.00002
18624 0.00002
18625 0.00002
18626 0.00002
18627 0.00002
18630 0.00002
18631 0.00002
18632 0.00002
18633 0.00002
18634 0.00002
18635 0.00002
18636 0.00002
18637 0.00002
18638 0.00002
18639 0.00002
18640 0.00002
18641 0.00002
18642 0.00002
18643 0.00002
18644 0.00002
18645 0.00002
18646 0.00002
18647 0.00002
18648 0.00002
18655 0.00002
18656 0.00002
18657 0.00002
18662 0.00002
18663 0.00002
18664 0.00002
18667 0.00002
18670 0.00002
18671 0.00002
18672 0.00002
18673 0.00002
18683 0.00002
18686 0.00002
18843 0.00002
18844 0.00002
18846 0.00002
18847 0.00002
18849 0.00002
18850 0.00002
18851 0.00002
18853 0.00002
18856 0.00002
18857 0.00002
18858 0.00002
18859 0.00002
18860 0.00002
18875 0.00002
18883 0.00002
18884 0.00002
18915 0.00002
18917 0.00002
18918 0.00002
18924 0.00002
18960 0.00002
18961 0.00002
18962 0.00002
18969 0.00002
18970 0.00002
18976 0.00002
18981 0.00002
18983 0.00002
18985 0.00002
18986 0.00002
18989 0.00002
18994 0.00002
18996 0.00002
19001 0.00002
19005 0.00002
19012 0.00002
19013 0.00002
19014 0.00002
19015 0.00002
19016 0.00002
19028 0.00002
19029 0.00002
19034 0.00002
19035 0.00002
19041 0.00002
19046 0.00002
19049 0.00002
19050 0.00002
19056 0.00002
19057 0.00002
19075 0.00002
19076 0.00002
19077 0.00002
19078 0.00002
19092 0.00002
19093 0.00002
19094 0.00002
19098 0.00002
19099 0.00002
19102 0.00002
19106 0.00002
19108 0.00002
19113 0.00002
19119 0.00002
19123 0.00002
19128 0.00002
19142 0.00002
19144 0.00002
19147 0.00002
19148 0.00002
19149 0.00002
19153 0.00002
19154 0.00002
19158 0.00002
19163 0.00002
19169 0.00002
19171 0.00002
19173 0.00002
19185 0.00002
19192 0.00002
19197 0.00002
19198 0.00002
19202 0.00002
19204 0.00002
19207 0.00002
19208 0.00002
19209 0.00002
19210 0.00002
19211 0.00002
19212 0.00002
19213 0.00002
19215 0.00002
19216 0.00002
19217 0.00002
19227 0.00002
19231 0.00002
19237 0.00002
19238 0.00002
19243 0.00002
19245 0.00002
19246 0.00002
19247 0.00002
19248 0.00002
19249 0.00002
19255 0.00002
19256 0.00002
19259 0.00002
19262 0.00002
19263 0.00002
19265 0.00002
19288 0.00002
19289 0.00002
19298 0.00002
19299 0.00002
19300 0.00002
19306 0.00002
19307 0.00002
19316 0.00002
19317 0.00002
19320 0.00002
19321 0.00002
19324 0.00002
19325 0.00002
19327 0.00002
19328 0.00002
19329 0.00002
19330 0.00002
19331 0.00002
19332 0.00002
19333 0.00002
19334 0.00002
19335 0.00002
19336 0.00002
19337 0.00002
19338 0.00002
19339 0.00002
19340 0.00002
19341 0.00002
19345 0.00002
19346 0.00002
19349 0.00002
19350 0.00002
19351 0.00002
19352 0.00002
19353 0.00002
19354 0.00002
19355 0.00002
19356 0.00002
19357 0.00002
19358 0.00002
19359 0.00002
19360 0.00002
19361 0.00002
19362 0.00002
19363 0.00002
19364 0.00002
19365 0.00002
19366 0.00002
19373 0.00002
19375 0.00002
19376 0.00002
19377 0.00002
19389 0.00002
19392 0.00002
19396 0.00002
19397 0.00002
19398 0.00002
19400 0.00002
19402 0.00002
19417 0.00002
19419 0.00002
19420 0.00002
19424 0.00002
19431 0.00002
19446 0.00002
19447 0.00002
19448 0.00002
19449 0.00002
19450 0.00002
19451 0.00002
19452 0.00002
19453 0.00002
19454 0.00002
19457 0.00002
19482 0.00002
19491 0.00002
19492 0.00002
19493 0.00002
19494 0.00002
19495 0.00002
19496 0.00002
19502 0.00002
19503 0.00002
19504 0.00002
19505 0.00002
19506 0.00002
19507 0.00002
19510 0.00002
19512 0.00002
19513 0.00002
19514 0.00002
19515 0.00002
19516 0.00002
19518 0.00002
19519 0.00002
19557 0.00002
19558 0.00002
19564 0.00002
19584 0.00002
19587 0.00002
19588 0.00002
19592 0.00002
19593 0.00002
19594 0.00002
19599 0.00002
19606 0.00002
19608 0.00002
19616 0.00002
19626 0.00002
19629 0.00002
19630 0.00002
19639 0.00002
19640 0.00002
19641 0.00002
19642 0.00002
19643 0.00002
19650 0.00002
19651 0.00002
19652 0.00002
19657 0.00002
19679 0.00002
19681 0.00002
19683 0.00002
19688 0.00002
19694 0.00002
19706 0.00002
19707 0.00002
19708 0.00002
19714 0.00002
19716 0.00002
19717 0.00002
19718 0.00002
19724 0.00002
19731 0.00002
19732 0.00002
19733 0.00002
19735 0.00002
19736 0.00002
19737 0.00002
19738 0.00002
19739 0.00002
19740 0.00002
19741 0.00002
19742 0.00002
19743 0.00002
19744 0.00002
19745 0.00002
19748 0.00002
19749 0.00002
19750 0.00002
19751 0.00002
19752 0.00002
19753 0.00002
19754 0.00002
19755 0.00002
19756 0.00002
19758 0.00002
19763 0.00002
19766 0.00002
19767 0.00002
19768 0.00002
19769 0.00002
19771 0.00002
19773 0.00002
19774 0.00002
19778 0.00002
19782 0.00002
19783 0.00002
19784 0.00002
19793 0.00002
19796 0.00002
19803 0.00002
19804 0.00002
19805 0.00002
19806 0.00002
19807 0.00002
19818 0.00002
19822 0.00002
19823 0.00002
19824 0.00002
19826 0.00002
19831 0.00002
19834 0.00002
19835 0.00002
19836 0.00002
19837 0.00002
19839 0.00002
19841 0.00002
19842 0.00002
19843 0.00002
19845 0.00002
19847 0.00002
19849 0.00002
19850 0.00002
19852 0.00002
19855 0.00002
19856 0.00002
19857 0.00002
19858 0.00002
19859 0.00002
19860 0.00002
19861 0.00002
19864 0.00002
19875 0.00002
19876 0.00002
19877 0.00002
19878 0.00002
19879 0.00002
19880 0.00002
19881 0.00002
19882 0.00002
19883 0.00002
19884 0.00002
19885 0.00002
19886 0.00002
19887 0.00002
19888 0.00002
19889 0.00002
19891 0.00002
19892 0.00002
19896 0.00002
19899 0.00002
19902 0.00002
19905 0.00002
19911 0.00002
19914 0.00002
19915 0.00002
19916 0.00002
19918 0.00002
19919 0.00002
19925 0.00002
19926 0.00002
19927 0.00002
19928 0.00002
19930 0.00002
19941 0.00002
19942 0.00002
19943 0.00002
19945 0.00002
19946 0.00002
19947 0.00002
19948 0.00002
19949 0.00002
19951 0.00002
19952 0.00002
19954 0.00002
19958 0.00002
19959 0.00002
19963 0.00002
19966 0.00002
19976 0.00002
19978 0.00002
19979 0.00002
19988 0.00002
19989 0.00002
19990 0.00002
19992 0.00002
19993 0.00002
20001 0.00002
20002 0.00002
20005 0.00002
20006 0.00002
20008 0.00002
20009 0.00002
20010 0.00002
20016 0.00002
20017 0.00002
20018 0.00002
20021 0.00002
20022 0.00002
20024 0.00002
20027 0.00002
20028 0.00002
20029 0.00002
20033 0.00002
20034 0.00002
20035 0.00002
20036 0.00002
20037 0.00002
20040 0.00002
20049 0.00002
20050 0.00002
20051 0.00002
20052 0.00002
20054 0.00002
20056 0.00002
20057 0.00002
20072 0.00002
20083 0.00002
20084 0.00002
20085 0.00002
20092 0.00002
20098 0.00002
20112 0.00002
20114 0.00002
20126 0.00002
20127 0.00002
20134 0.00002
20136 0.00002
20151 0.00002
20152 0.00002
20153 0.00002
20158 0.00002
20159 0.00002
20160 0.00002
20161 0.00002
20162 0.00002
20163 0.00002
20166 0.00002
20167 0.00002
20168 0.00002
20177 0.00002
20195 0.00002
20197 0.00002
20198 0.00002
20204 0.00002
20206 0.00002
20208 0.00002
20209 0.00002
20211 0.00002
20212 0.00002
20213 0.00002
20214 0.00002
20215 0.00002
20216 0.00002
20217 0.00002
20218 0.00002
20219 0.00002
20220 0.00002
20221 0.00002
20222 0.00002
20223 0.00002
20224 0.00002
20229 0.00002
20230 0.00002
20232 0.00002
20234 0.00002
20235 0.00002
20236 0.00002
20237 0.00002
20238 0.00002
20239 0.00002
20240 0.00002
20241 0.00002
20242 0.00002
20243 0.00002
20244 0.00002
20245 0.00002
20246 0.00002
20247 0.00002
20248 0.00002
20259 0.00002
20260 0.00002
20261 0.00002
20262 0.00002
20263 0.00002
20264 0.00002
20265 0.00002
20268 0.00002
20269 0.00002
20270 0.00002
20271 0.00002
20272 0.00002
20273 0.00002
20274 0.00002
20278 0.00002
20279 0.00002
20281 0.00002
20282 0.00002
20283 0.00002
20284 0.00002
20285 0.00002
20286 0.00002
20287 0.00002
20288 0.00002
20289 0.00002
20290 0.00002
20291 0.00002
20292 0.00002
20293 0.00002
20294 0.00002
20295 0.00002
20296 0.00002
20297 0.00002
20298 0.00002
20308 0.00002
20309 0.00002
20310 0.00002
20311 0.00002
20312 0.00002
20313 0.00002
20314 0.00002
20315 0.00002
20316 0.00002
20317 0.00002
20320 0.00002
20325 0.00002
20326 0.00002
20327 0.00002
20328 0.00002
20330 0.00002
20332 0.00002
20333 0.00002
20335 0.00002
20337 0.00002
20339 0.00002
20340 0.00002
20349 0.00002
20350 0.00002
20352 0.00002
20354 0.00002
20355 0.00002
20356 0.00002
20357 0.00002
20358 0.00002
20359 0.00002
20364 0.00002
20365 0.00002
20366 0.00002
20368 0.00002
20369 0.00002
20370 0.00002
20371 0.00002
20372 0.00002
20373 0.00002
20374 0.00002
20375 0.00002
20376 0.00002
20377 0.00002
20383 0.00002
20384 0.00002
20385 0.00002
20393 0.00002
20394 0.00002
20395 0.00002
20400 0.00002
20401 0.00002
20402 0.00002
20403 0.00002
20406 0.00002
20407 0.00002
20411 0.00002
20415 0.00002
20416 0.00002
20417 0.00002
20418 0.00002
20419 0.00002
20420 0.00002
20421 0.00002
20422 0.00002
20423 0.00002
20424 0.00002
20431 0.00002
20432 0.00002
20433 0.00002
20434 0.00002
20435 0.00002
20436 0.00002
20437 0.00002
20438 0.00002
20439 0.00002
20440 0.00002
20441 0.00002
20442 0.00002
20443 0.00002
20444 0.00002
20445 0.00002
20446 0.00002
20447 0.00002
20448 0.00002
20449 0.00002
20450 0.00002
20451 0.00002
20455 0.00002
20456 0.00002
20457 0.00002
20458 0.00002
20459 0.00002
20460 0.00002
20461 0.00002
20462 0.00002
20463 0.00002
20467 0.00002
20469 0.00002
20470 0.00002
20471 0.00002
20472 0.00002
20473 0.00002
20479 0.00002
20480 0.00002
20481 0.00002
20482 0.00002
20484 0.00002
20485 0.00002
20486 0.00002
20490 0.00002
20491 0.00002
20492 0.00002
20493 0.00002
20494 0.00002
20496 0.00002
20509 0.00002
20515 0.00002
20518 0.00002
20520 0.00002
20521 0.00002
20522 0.00002
20523 0.00002
20525 0.00002
20526 0.00002
20531 0.00002
20532 0.00002
20537 0.00002
20538 0.00002
20542 0.00002
20559 0.00002
20560 0.00002
20561 0.00002
20562 0.00002
20563 0.00002
20564 0.00002
20565 0.00002
20566 0.00002
20567 0.00002
20568 0.00002
20569 0.00002
20572 0.00002
20573 0.00002
20574 0.00002
20575 0.00002
20576 0.00002
20577 0.00002
20581 0.00002
20583 0.00002
20584 0.00002
20585 0.00002
20587 0.00002
20591 0.00002
20592 0.00002
20597 0.00002
20599 0.00002
20601 0.00002
20602 0.00002
20603 0.00002
20605 0.00002
20606 0.00002
20607 0.00002
20608 0.00002
20609 0.00002
20610 0.00002
20611 0.00002
20612 0.00002
20613 0.00002
20614 0.00002
20616 0.00002
20617 0.00002
20619 0.00002
20620 0.00002
20621 0.00002
20623 0.00002
20624 0.00002
20626 0.00002
20627 0.00002
20628 0.00002
20629 0.00002
20641 0.00002
20642 0.00002
20694 0.00002
20696 0.00002
20697 0.00002
20699 0.00002
20702 0.00002
20703 0.00002
20704 0.00002
20705 0.00002
20706 0.00002
20707 0.00002
20708 0.00002
20709 0.00002
20710 0.00002
20711 0.00002
20712 0.00002
20720 0.00002
20721 0.00002
20725 0.00002
20727 0.00002
20729 0.00002
20730 0.00002
20732 0.00002
20734 0.00002
20735 0.00002
20736 0.00002
20737 0.00002
20738 0.00002
20739 0.00002
20740 0.00002
20741 0.00002
20742 0.00002
20743 0.00002
20744 0.00002
20745 0.00002
20746 0.00002
20757 0.00002
20758 0.00002
20762 0.00002
20774 0.00002
20775 0.00002
20779 0.00002
20784 0.00002
20785 0.00002
20789 0.00002
20790 0.00002
20798 0.00002
20801 0.00002
20802 0.00002
20804 0.00002
20806 0.00002
20807 0.00002
20816 0.00002
20825 0.00002
20826 0.00002
20827 0.00002
20833 0.00002
20834 0.00002
20835 0.00002
20836 0.00002
20837 0.00002
20838 0.00002
20839 0.00002
20841 0.00002
20842 0.00002
20844 0.00002
20846 0.00002
20847 0.00002
20848 0.00002
20849 0.00002
20850 0.00002
20851 0.00002
20852 0.00002
20853 0.00002
20855 0.00002
20856 0.00002
20857 0.00002
20858 0.00002
20859 0.00002
20864 0.00002
20866 0.00002
20867 0.00002
20868 0.00002
20869 0.00002
20870 0.00002
20875 0.00002
20877 0.00002
20882 0.00002
20888 0.00002
20890 0.00002
20891 0.00002
20892 0.00002
20893 0.00002
20897 0.00002
20898 0.00002
20901 0.00002
20902 0.00002
20905 0.00002
20908 0.00002
20913 0.00002
20914 0.00002
20917 0.00002
20940 0.00002
20945 0.00002
20951 0.00002
20952 0.00002
20953 0.00002
20955 0.00002
20956 0.00002
20959 0.00002
20960 0.00002
20962 0.00002
20963 0.00002
20965 0.00002
20966 0.00002
20972 0.00002
20973 0.00002
20974 0.00002
20985 0.00002
20986 0.00002
20987 0.00002
20995 0.00002
20999 0.00002
21001 0.00002
21002 0.00002
21007 0.00002
21025 0.00002
21028 0.00002
21029 0.00002
21033 0.00002
21035 0.00002
21036 0.00002
21043 0.00002
21045 0.00002
21046 0.00002
21047 0.00002
21048 0.00002
21049 0.00002
21058 0.00002
21067 0.00002
21068 0.00002
21069 0.00002
21077 0.00002
21090 0.00002
21091 0.00002
21097 0.00002
21098 0.00002
21099 0.00002
21101 0.00002
21102 0.00002
21103 0.00002
21107 0.00002
21108 0.00002
21109 0.00002
21119 0.00002
21124 0.00002
21128 0.00002
21129 0.00002
21133 0.00002
21137 0.00002
21138 0.00002
21140 0.00002
21141 0.00002
21142 0.00002
21143 0.00002
21144 0.00002
21145 0.00002
21146 0.00002
21153 0.00002
21157 0.00002
21159 0.00002
21168 0.00002
21169 0.00002
21173 0.00002
21178 0.00002
21179 0.00002
21180 0.00002
21181 0.00002
21182 0.00002
21183 0.00002
21184 0.00002
21185 0.00002
21186 0.00002
21187 0.00002
21188 0.00002
21189 0.00002
21190 0.00002
21191 0.00002
21192 0.00002
21193 0.00002
21194 0.00002
21195 0.00002
21196 0.00002
21197 0.00002
21198 0.00002
21199 0.00002
21200 0.00002
21201 0.00002
21202 0.00002
21203 0.00002
21204 0.00002
21205 0.00002
21207 0.00002
21208 0.00002
21210 0.00002
21211 0.00002
21212 0.00002
21213 0.00002
21214 0.00002
21215 0.00002
21216 0.00002
21217 0.00002
21218 0.00002
21219 0.00002
21225 0.00002
21226 0.00002
21227 0.00002
21228 0.00002
21229 0.00002
21230 0.00002
21231 0.00002
21232 0.00002
21233 0.00002
21234 0.00002
21235 0.00002
21236 0.00002
21237 0.00002
21240 0.00002
21241 0.00002
21242 0.00002
21243 0.00002
21248 0.00002
21249 0.00002
21250 0.00002
21251 0.00002
21253 0.00002
21254 0.00002
21271 0.00002
21276 0.00002
21277 0.00002
21287 0.00002
21308 0.00002
21311 0.00002
21314 0.00002
21315 0.00002
21336 0.00002
21370 0.00002
21374 0.00002
21377 0.00002
21379 0.00002
21397 0.00002
21398 0.00002
21402 0.00002
21403 0.00002
21404 0.00002
21405 0.00002
21406 0.00002
21407 0.00002
21410 0.00002
21411 0.00002
21416 0.00002
21417 0.00002
21418 0.00002
21419 0.00002
21420 0.00002
21421 0.00002
21422 0.00002
21423 0.00002
21427 0.00002
21430 0.00002
21431 0.00002
21443 0.00002
21444 0.00002
21462 0.00002
21463 0.00002
21464 0.00002
21466 0.00002
21467 0.00002
21470 0.00002
21471 0.00002
21475 0.00002
21483 0.00002
21484 0.00002
21489 0.00002
21491 0.00002
21494 0.00002
21508 0.00002
21510 0.00002
21511 0.00002
21512 0.00002
21515 0.00002
21516 0.00002
21517 0.00002
21518 0.00002
21519 0.00002
21520 0.00002
21522 0.00002
21523 0.00002
21525 0.00002
21526 0.00002
21527 0.00002
21528 0.00002
21529 0.00002
21534 0.00002
21535 0.00002
21538 0.00002
21539 0.00002
21540 0.00002
21546 0.00002
21547 0.00002
21549 0.00002
21550 0.00002
21553 0.00002
21554 0.00002
21557 0.00002
21558 0.00002
21559 0.00002
21565 0.00002
21569 0.00002
21570 0.00002
21571 0.00002
21572 0.00002
21574 0.00002
21575 0.00002
21576 0.00002
21577 0.00002
21578 0.00002
21579 0.00002
21585 0.00002
21586 0.00002
21587 0.00002
21588 0.00002
21589 0.00002
21593 0.00002
21601 0.00002
21602 0.00002
21604 0.00002
21605 0.00002
21606 0.00002
21607 0.00002
21608 0.00002
21609 0.00002
21610 0.00002
21611 0.00002
21614 0.00002
21615 0.00002
21616 0.00002
21622 0.00002
21626 0.00002
21629 0.00002
21630 0.00002
21631 0.00002
21632 0.00002
21640 0.00002
21643 0.00002
21644 0.00002
21645 0.00002
21646 0.00002
21647 0.00002
21651 0.00002
21652 0.00002
21656 0.00002
21664 0.00002
21665 0.00002
21668 0.00002
21669 0.00002
21671 0.00002
21672 0.00002
21673 0.00002
21674 0.00002
21685 0.00002
21687 0.00002
21688 0.00002
21689 0.00002
21690 0.00002
21691 0.00002
21692 0.00002
21693 0.00002
21694 0.00002
21695 0.00002
21696 0.00002
21697 0.00002
21698 0.00002
21699 0.00002
21700 0.00002
21701 0.00002
21705 0.00002
21706 0.00002
21707 0.00002
21713 0.00002
21715 0.00002
21753 0.00002
21755 0.00002
21756 0.00002
21759 0.00002
21767 0.00002
21768 0.00002
21782 0.00002
21793 0.00002
21798 0.00002
21801 0.00002
21802 0.00002
21803 0.00002
21810 0.00002
21812 0.00002
21821 0.00002
21822 0.00002
21830 0.00002
21843 0.00002
21845 0.00002
21849 0.00002
21850 0.00002
21856 0.00002
21859 0.00002
21861 0.00002
21875 0.00002
21886 0.00002
21888 0.00002
21889 0.00002
21890 0.00002
21891 0.00002
21892 0.00002
21893 0.00002
21894 0.00002
21895 0.00002
21896 0.00002
21897 0.00002
21899 0.00002
21901 0.00002
21906 0.00002
21907 0.00002
21908 0.00002
21909 0.00002
21910 0.00002
21911 0.00002
21912 0.00002
21913 0.00002
21914 0.00002
21915 0.00002
21916 0.00002
21917 0.00002
21918 0.00002
21919 0.00002
21924 0.00002
21925 0.00002
21926 0.00002
21927 0.00002
21928 0.00002
21929 0.00002
21930 0.00002
21931 0.00002
21936 0.00002
21937 0.00002
21941 0.00002
21942 0.00002
21943 0.00002
21944 0.00002
21945 0.00002
21946 0.00002
21947 0.00002
21948 0.00002
21949 0.00002
21950 0.00002
21951 0.00002
21952 0.00002
21953 0.00002
21954 0.00002
21955 0.00002
21956 0.00002
21961 0.00002
21962 0.00002
21963 0.00002
21965 0.00002
21969 0.00002
21973 0.00002
21974 0.00002
21975 0.00002
21976 0.00002
21977 0.00002
21978 0.00002
21979 0.00002
21980 0.00002
21981 0.00002
21983 0.00002
21984 0.00002
21985 0.00002
21986 0.00002
21987 0.00002
21988 0.00002
21989 0.00002
21990 0.00002
21991 0.00002
21992 0.00002
21993 0.00002
21994 0.00002
21995 0.00002
21996 0.00002
21997 0.00002
21999 0.00002
22004 0.00002
22005 0.00002
22006 0.00002
22007 0.00002
22008 0.00002
22009 0.00002
22010 0.00002
22011 0.00002
22012 0.00002
22013 0.00002
22014 0.00002
22015 0.00002
22016 0.00002
22018 0.00002
22020 0.00002
22023 0.00002
22029 0.00002
22030 0.00002
22031 0.00002
22032 0.00002
22033 0.00002
22123 0.00002
22124 0.00002
22125 0.00002
22126 0.00002
22127 0.00002
22128 0.00002
22129 0.00002
22141 0.00002
22151 0.00002
22153 0.00002
22154 0.00002
22155 0.00002
22156 0.00002
22157 0.00002
22158 0.00002
22159 0.00002
22165 0.00002
22166 0.00002
22168 0.00002
22169 0.00002
22171 0.00002
22172 0.00002
22180 0.00002
22184 0.00002
22185 0.00002
22186 0.00002
22187 0.00002
22188 0.00002
22189 0.00002
22191 0.00002
22195 0.00002
22197 0.00002
22198 0.00002
22199 0.00002
22200 0.00002
22201 0.00002
22202 0.00002
22203 0.00002
22204 0.00002
22213 0.00002
22215 0.00002
22218 0.00002
22220 0.00002
22230 0.00002
22231 0.00002
22232 0.00002
22233 0.00002
22234 0.00002
22235 0.00002
22237 0.00002
22240 0.00002
22241 0.00002
22253 0.00002
22255 0.00002
22258 0.00002
22266 0.00002
22269 0.00002
22272 0.00002
22273 0.00002
22291 0.00002
22304 0.00002
22318 0.00002
22333 0.00002
22334 0.00002
22336 0.00002
22338 0.00002
22363 0.00002
22364 0.00002
22365 0.00002
22370 0.00002
22371 0.00002
22372 0.00002
22373 0.00002
22374 0.00002
22376 0.00002
22377 0.00002
22378 0.00002
22390 0.00002
22392 0.00002
22402 0.00002
22414 0.00002
22420 0.00002
22422 0.00002
22429 0.00002
22431 0.00002
22432 0.00002
22451 0.00002
22452 0.00002
22453 0.00002
22454 0.00002
22457 0.00002
22470 0.00002
22472 0.00002
22474 0.00002
22476 0.00002
22484 0.00002
22485 0.00002
22486 0.00002
22487 0.00002
22488 0.00002
22492 0.00002
22500 0.00002
22501 0.00002
22502 0.00002
22503 0.00002
22505 0.00002
22511 0.00002
22512 0.00002
22513 0.00002
22514 0.00002
22515 0.00002
22516 0.00002
22519 0.00002
22520 0.00002
22524 0.00002
22527 0.00002
22530 0.00002
22531 0.00002
22532 0.00002
22533 0.00002
22535 0.00002
22540 0.00002
22541 0.00002
22542 0.00002
22543 0.00002
22544 0.00002
22545 0.00002
22548 0.00002
22549 0.00002
22561 0.00002
22562 0.00002
22563 0.00002
22564 0.00002
22565 0.00002
22568 0.00002
22569 0.00002
22571 0.00002
22572 0.00002
22583 0.00002
22584 0.00002
22585 0.00002
22596 0.00002
22598 0.00002
22599 0.00002
22600 0.00002
22601 0.00002
22603 0.00002
22606 0.00002
22607 0.00002
22609 0.00002
22617 0.00002
22620 0.00002
22621 0.00002
22622 0.00002
22623 0.00002
22624 0.00002
22627 0.00002
22628 0.00002
22629 0.00002
22633 0.00002
22634 0.00002
22635 0.00002
22638 0.00002
22648 0.00002
22650 0.00002
22651 0.00002
22656 0.00002
22659 0.00002
22660 0.00002
22666 0.00002
22669 0.00002
22670 0.00002
22671 0.00002
22672 0.00002
22673 0.00002
22674 0.00002
22675 0.00002
22676 0.00002
22677 0.00002
22711 0.00002
22715 0.00002
22716 0.00002
22717 0.00002
22718 0.00002
22719 0.00002
22764 0.00002
22765 0.00002
22766 0.00002
22779 0.00002
22818 0.00002
22825 0.00002
22826 0.00002
22830 0.00002
22834 0.00002
22838 0.00002
22839 0.00002
22840 0.00002
22851 0.00002
22852 0.00002
22853 0.00002
22854 0.00002
22859 0.00002
22861 0.00002
22872 0.00002
22873 0.00002
22874 0.00002
22875 0.00002
22876 0.00002
22877 0.00002
22878 0.00002
22879 0.00002
22880 0.00002
22881 0.00002
22882 0.00002
22883 0.00002
22884 0.00002
22892 0.00002
22893 0.00002
22895 0.00002
22896 0.00002
22897 0.00002
22899 0.00002
22905 0.00002
22906 0.00002
22907 0.00002
22914 0.00002
22918 0.00002
22923 0.00002
22924 0.00002
22925 0.00002
22928 0.00002
22930 0.00002
22935 0.00002
22936 0.00002
22937 0.00002
22939 0.00002
22941 0.00002
22943 0.00002
22949 0.00002
22955 0.00002
22956 0.00002
22964 0.00002
22965 0.00002
22966 0.00002
22967 0.00002
22977 0.00002
22978 0.00002
22979 0.00002
22980 0.00002
22981 0.00002
22982 0.00002
22983 0.00002
22984 0.00002
22986 0.00002
22987 0.00002
22988 0.00002
22990 0.00002
22991 0.00002
22993 0.00002
22994 0.00002
22997 0.00002
22999 0.00002
23000 0.00002
23004 0.00002
23005 0.00002
23006 0.00002
23015 0.00002
23016 0.00002
23018 0.00002
23019 0.00002
23021 0.00002
23022 0.00002
23025 0.00002
23032 0.00002
23038 0.00002
23041 0.00002
23042 0.00002
23043 0.00002
23044 0.00002
23045 0.00002
23049 0.00002
23056 0.00002
23057 0.00002
23058 0.00002
23059 0.00002
23061 0.00002
23062 0.00002
23065 0.00002
23066 0.00002
23070 0.00002
23074 0.00002
23075 0.00002
23076 0.00002
23077 0.00002
23078 0.00002
23080 0.00002
23081 0.00002
23082 0.00002
23083 0.00002
23084 0.00002
23085 0.00002
23086 0.00002
23087 0.00002
23090 0.00002
23091 0.00002
23092 0.00002
23098 0.00002
23104 0.00002
23106 0.00002
23107 0.00002
23108 0.00002
23112 0.00002
23113 0.00002
23114 0.00002
23115 0.00002
23116 0.00002
23117 0.00002
23118 0.00002
23119 0.00002
23120 0.00002
23121 0.00002
23122 0.00002
23123 0.00002
23124 0.00002
23125 0.00002
23126 0.00002
23127 0.00002
23128 0.00002
23129 0.00002
23130 0.00002
23131 0.00002
23132 0.00002
23133 0.00002
23134 0.00002
23135 0.00002
23136 0.00002
23137 0.00002
23138 0.00002
23139 0.00002
23140 0.00002
23141 0.00002
23142 0.00002
23143 0.00002
23144 0.00002
23145 0.00002
23146 0.00002
23147 0.00002
23148 0.00002
23149 0.00002
23150 0.00002
23151 0.00002
23152 0.00002
23153 0.00002
23154 0.00002
23155 0.00002
23156 0.00002
23157 0.00002
23158 0.00002
23159 0.00002
23160 0.00002
23161 0.00002
23162 0.00002
23163 0.00002
23164 0.00002
23165 0.00002
23166 0.00002
23167 0.00002
23168 0.00002
23169 0.00002
23170 0.00002
23171 0.00002
23172 0.00002
23173 0.00002
23174 0.00002
23175 0.00002
23176 0.00002
23177 0.00002
23178 0.00002
23179 0.00002
23180 0.00002
23181 0.00002
23182 0.00002
23183 0.00002
23184 0.00002
23185 0.00002
23186 0.00002
23187 0.00002
23188 0.00002
23189 0.00002
23190 0.00002
23191 0.00002
23192 0.00002
23193 0.00002
23194 0.00002
23195 0.00002
23196 0.00002
23197 0.00002
23198 0.00002
23199 0.00002
23200 0.00002
23201 0.00002
23202 0.00002
23203 0.00002
23204 0.00002
23205 0.00002
23206 0.00002
23207 0.00002
23208 0.00002
23209 0.00002
23210 0.00002
23211 0.00002
23212 0.00002
23213 0.00002
23214 0.00002
23215 0.00002
23216 0.00002
23217 0.00002
23218 0.00002
23219 0.00002
23220 0.00002
23221 0.00002
23222 0.00002
23223 0.00002
23224 0.00002
23225 0.00002
23226 0.00002
23227 0.00002
23228 0.00002
23229 0.00002
23230 0.00002
23231 0.00002
23232 0.00002
23233 0.00002
23234 0.00002
23235 0.00002
23236 0.00002
23237 0.00002
23238 0.00002
23239 0.00002
23240 0.00002
23241 0.00002
23242 0.00002
23243 0.00002
23244 0.00002
23245 0.00002
23246 0.00002
23247 0.00002
23248 0.00002
23249 0.00002
23250 0.00002
23251 0.00002
23252 0.00002
23253 0.00002
23254 0.00002
23255 0.00002
23256 0.00002
23257 0.00002
23258 0.00002
23259 0.00002
23260 0.00002
23261 0.00002
23262 0.00002
23263 0.00002
23264 0.00002
23265 0.00002
23266 0.00002
23267 0.00002
23269 0.00002
23270 0.00002
23271 0.00002
23272 0.00002
23273 0.00002
23274 0.00002
23275 0.00002
23276 0.00002
23277 0.00002
23278 0.00002
23279 0.00002
23280 0.00002
23281 0.00002
23282 0.00002
23283 0.00002
23284 0.00002
23285 0.00002
23286 0.00002
23287 0.00002
23288 0.00002
23289 0.00002
23290 0.00002
23291 0.00002
23292 0.00002
23293 0.00002
23294 0.00002
23295 0.00002
23296 0.00002
23297 0.00002
23298 0.00002
23299 0.00002
23300 0.00002
23301 0.00002
23302 0.00002
23303 0.00002
23304 0.00002
23305 0.00002
23306 0.00002
23307 0.00002
23308 0.00002
23309 0.00002
23310 0.00002
23311 0.00002
23312 0.00002
23313 0.00002
23314 0.00002
23315 0.00002
23316 0.00002
23317 0.00002
23318 0.00002
23319 0.00002
23320 0.00002
23321 0.00002
23322 0.00002
23323 0.00002
23324 0.00002
23325 0.00002
23326 0.00002
23327 0.00002
23328 0.00002
23329 0.00002
23330 0.00002
23331 0.00002
23332 0.00002
23333 0.00002
23334 0.00002
23335 0.00002
23336 0.00002
23337 0.00002
23338 0.00002
23339 0.00002
23340 0.00002
23341 0.00002
23342 0.00002
23343 0.00002
23344 0.00002
23345 0.00002
23346 0.00002
23347 0.00002
23348 0.00002
23349 0.00002
23350 0.00002
23351 0.00002
23352 0.00002
23353 0.00002
23354 0.00002
23355 0.00002
23356 0.00002
23357 0.00002
23358 0.00002
23359 0.00002
23360 0.00002
23361 0.00002
23362 0.00002
23363 0.00002
23364 0.00002
23365 0.00002
23366 0.00002
23367 0.00002
23368 0.00002
23369 0.00002
23370 0.00002
23371 0.00002
23372 0.00002
23373 0.00002
23374 0.00002
23375 0.00002
23376 0.00002
23377 0.00002
23378 0.00002
23379 0.00002
23380 0.00002
23381 0.00002
23382 0.00002
23383 0.00002
23384 0.00002
23385 0.00002
23386 0.00002
23387 0.00002
23388 0.00002
23389 0.00002
23390 0.00002
23391 0.00002
23392 0.00002
23393 0.00002
23394 0.00002
23395 0.00002
23396 0.00002
23397 0.00002
23398 0.00002
23399 0.00002
23400 0.00002
23401 0.00002
23402 0.00002
23403 0.00002
23404 0.00002
23405 0.00002
23406 0.00002
23407 0.00002
23408 0.00002
23409 0.00002
23410 0.00002
23411 0.00002
23412 0.00002
23413 0.00002
23414 0.00002
23415 0.00002
23416 0.00002
23417 0.00002
23418 0.00002
23419 0.00002
23420 0.00002
23421 0.00002
23422 0.00002
23423 0.00002
23424 0.00002
23425 0.00002
23426 0.00002
23427 0.00002
23428 0.00002
23429 0.00002
23430 0.00002
23431 0.00002
23432 0.00002
23433 0.00002
23434 0.00002
23435 0.00002
23436 0.00002
23437 0.00002
23438 0.00002
23439 0.00002
23440 0.00002
23441 0.00002
23442 0.00002
23443 0.00002
23444 0.00002
23445 0.00002
23446 0.00002
23447 0.00002
23448 0.00002
23449 0.00002
23450 0.00002
23451 0.00002
23452 0.00002
23453 0.00002
23454 0.00002
23455 0.00002
23456 0.00002
23457 0.00002
23458 0.00002
23459 0.00002
23460 0.00002
23461 0.00002
23462 0.00002
23463 0.00002
23464 0.00002
23465 0.00002
23466 0.00002
23467 0.00002
23468 0.00002
23469 0.00002
23470 0.00002
23471 0.00002
23472 0.00002
23473 0.00002
23474 0.00002
23475 0.00002
23476 0.00002
23477 0.00002
23478 0.00002
23479 0.00002
23480 0.00002
23481 0.00002
23482 0.00002
23483 0.00002
23484 0.00002
23485 0.00002
23486 0.00002
23487 0.00002
23488 0.00002
23489 0.00002
23490 0.00002
23491 0.00002
23492 0.00002
23493 0.00002
23494 0.00002
23495 0.00002
23496 0.00002
23497 0.00002
23498 0.00002
23499 0.00002
23500 0.00002
23501 0.00002
23502 0.00002
23503 0.00002
23504 0.00002
23505 0.00002
23506 0.00002
23507 0.00002
23508 0.00002
23509 0.00002
23510 0.00002
23511 0.00002
23512 0.00002
23513 0.00002
23514 0.00002
23515 0.00002
23516 0.00002
23517 0.00002
23519 0.00002
23520 0.00002
23521 0.00002
23526 0.00002
23527 0.00002
23528 0.00002
23529 0.00002
23530 0.00002
23531 0.00002
23532 0.00002
23533 0.00002
23534 0.00002
23535 0.00002
23536 0.00002
23537 0.00002
23538 0.00002
23539 0.00002
23540 0.00002
23541 0.00002
23543 0.00002
23544 0.00002
23545 0.00002
23546 0.00002
23547 0.00002
23548 0.00002
23549 0.00002
23550 0.00002
23551 0.00002
23552 0.00002
23553 0.00002
23554 0.00002
23555 0.00002
23556 0.00002
23557 0.00002
23558 0.00002
23559 0.00002
23560 0.00002
23561 0.00002
23562 0.00002
23563 0.00002
23564 0.00002
23565 0.00002
23566 0.00002
23567 0.00002
23568 0.00002
23569 0.00002
23570 0.00002
23571 0.00002
23572 0.00002
23573 0.00002
23574 0.00002
23575 0.00002
23576 0.00002
23577 0.00002
23578 0.00002
23579 0.00002
23580 0.00002
23581 0.00002
23582 0.00002
23583 0.00002
23584 0.00002
23585 0.00002
23586 0.00002
23587 0.00002
23588 0.00002
23589 0.00002
23590 0.00002
23591 0.00002
23592 0.00002
23593 0.00002
23594 0.00002
23595 0.00002
23596 0.00002
23597 0.00002
23598 0.00002
23599 0.00002
23600 0.00002
23601 0.00002
23602 0.00002
23603 0.00002
23604 0.00002
23605 0.00002
23606 0.00002
23607 0.00002
23608 0.00002
23609 0.00002
23610 0.00002
23611 0.00002
23612 0.00002
23613 0.00002
23614 0.00002
23615 0.00002
23616 0.00002
23617 0.00002
23618 0.00002
23619 0.00002
23620 0.00002
23621 0.00002
23622 0.00002
23623 0.00002
23624 0.00002
23625 0.00002
23626 0.00002
23627 0.00002
23628 0.00002
23629 0.00002
23632 0.00002
23633 0.00002
23634 0.00002
23635 0.00002
23636 0.00002
23637 0.00002
23638 0.00002
23639 0.00002
23640 0.00002
23641 0.00002
23642 0.00002
23643 0.00002
23644 0.00002
23645 0.00002
23646 0.00002
23647 0.00002
23648 0.00002
23649 0.00002
23650 0.00002
23651 0.00002
23652 0.00002
23653 0.00002
23654 0.00002
23655 0.00002
23656 0.00002
23657 0.00002
23658 0.00002
23659 0.00002
23660 0.00002
23661 0.00002
23662 0.00002
23663 0.00002
23664 0.00002
23665 0.00002
23666 0.00002
23667 0.00002
23668 0.00002
23669 0.00002
23670 0.00002
23671 0.00002
23672 0.00002
23673 0.00002
23674 0.00002
23675 0.00002
23676 0.00002
23677 0.00002
23678 0.00002
23679 0.00002
23680 0.00002
23681 0.00002
23682 0.00002
23683 0.00002
23684 0.00002
23685 0.00002
23686 0.00002
23688 0.00002
23689 0.00002
23690 0.00002
23691 0.00002
23692 0.00002
23693 0.00002
23694 0.00002
23695 0.00002
23696 0.00002
23697 0.00002
23698 0.00002
23699 0.00002
23700 0.00002
23701 0.00002
23702 0.00002
23703 0.00002
23704 0.00002
23705 0.00002
23706 0.00002
23707 0.00002
23708 0.00002
23709 0.00002
23711 0.00002
23712 0.00002
23713 0.00002
23714 0.00002
23715 0.00002
23716 0.00002
23717 0.00002
23718 0.00002
23719 0.00002
23720 0.00002
23721 0.00002
23722 0.00002
23723 0.00002
23724 0.00002
23725 0.00002
23726 0.00002
23727 0.00002
23728 0.00002
23729 0.00002
23730 0.00002
23731 0.00002
23732 0.00002
23733 0.00002
23734 0.00002
23735 0.00002
23736 0.00002
23737 0.00002
23738 0.00002
23739 0.00002
23740 0.00002
23741 0.00002
23742 0.00002
23743 0.00002
23744 0.00002
23745 0.00002
23746 0.00002
23747 0.00002
23748 0.00002
23749 0.00002
23750 0.00002
23751 0.00002
23752 0.00002
23753 0.00002
23754 0.00002
23755 0.00002
23756 0.00002
23757 0.00002
23758 0.00002
23759 0.00002
23760 0.00002
23761 0.00002
23762 0.00002
23763 0.00002
23764 0.00002
23765 0.00002
23766 0.00002
23767 0.00002
23768 0.00002
23769 0.00002
23770 0.00002
23771 0.00002
23772 0.00002
23773 0.00002
23774 0.00002
23775 0.00002
23776 0.00002
23777 0.00002
23778 0.00002
23779 0.00002
23780 0.00002
23781 0.00002
23782 0.00002
23783 0.00002
23784 0.00002
23785 0.00002
23786 0.00002
23787 0.00002
23788 0.00002
23789 0.00002
23790 0.00002
23791 0.00002
23792 0.00002
23793 0.00002
23794 0.00002
23795 0.00002
23796 0.00002
23797 0.00002
23798 0.00002
23799 0.00002
23800 0.00002
23801 0.00002
23802 0.00002
23803 0.00002
23804 0.00002
23805 0.00002
23806 0.00002
23807 0.00002
23808 0.00002
23809 0.00002
23810 0.00002
23811 0.00002
23812 0.00002
23813 0.00002
23814 0.00002
23815 0.00002
23816 0.00002
23817 0.00002
23818 0.00002
23819 0.00002
23820 0.00002
23821 0.00002
23822 0.00002
23823 0.00002
23824 0.00002
23825 0.00002
23826 0.00002
23827 0.00002
23828 0.00002
23829 0.00002
23830 0.00002
23831 0.00002
23832 0.00002
23833 0.00002
23834 0.00002
23835 0.00002
23836 0.00002
23837 0.00002
23838 0.00002
23839 0.00002
23840 0.00002
23841 0.00002
23842 0.00002
23843 0.00002
23844 0.00002
23845 0.00002
23846 0.00002
23847 0.00002
23848 0.00002
23849 0.00002
23850 0.00002
23851 0.00002
23852 0.00002
23853 0.00002
23854 0.00002
23855 0.00002
23856 0.00002
23857 0.00002
23858 0.00002
23859 0.00002
23860 0.00002
23861 0.00002
23862 0.00002
23863 0.00002
23864 0.00002
23865 0.00002
23866 0.00002
23867 0.00002
23868 0.00002
23869 0.00002
23870 0.00002
23871 0.00002
23872 0.00002
23873 0.00002
23874 0.00002
23875 0.00002
23876 0.00002
23877 0.00002
23878 0.00002
23879 0.00002
23880 0.00002
23881 0.00002
23882 0.00002
23883 0.00002
23884 0.00002
23886 0.00002
23887 0.00002
23888 0.00002
23889 0.00002
23890 0.00002
23891 0.00002
23892 0.00002
23893 0.00002
23894 0.00002
23895 0.00002
23896 0.00002
23897 0.00002
23898 0.00002
23899 0.00002
23900 0.00002
23901 0.00002
23902 0.00002
23903 0.00002
23904 0.00002
23906 0.00002
23907 0.00002
23908 0.00002
23909 0.00002
23910 0.00002
23911 0.00002
23912 0.00002
23913 0.00002
23914 0.00002
23915 0.00002
23916 0.00002
23917 0.00002
23918 0.00002
23919 0.00002
23920 0.00002
23921 0.00002
23922 0.00002
23923 0.00002
23924 0.00002
23925 0.00002
23926 0.00002
23927 0.00002
23928 0.00002
23929 0.00002
23930 0.00002
23931 0.00002
23932 0.00002
23933 0.00002
23934 0.00002
23935 0.00002
23936 0.00002
23937 0.00002
23938 0.00002
23939 0.00002
23940 0.00002
23941 0.00002
23942 0.00002
23943 0.00002
23944 0.00002
23945 0.00002
23946 0.00002
23947 0.00002
23948 0.00002
23949 0.00002
23950 0.00002
23951 0.00002
23952 0.00002
23953 0.00002
23954 0.00002
23955 0.00002
23956 0.00002
23957 0.00002
23958 0.00002
23959 0.00002
23960 0.00002
23961 0.00002
23962 0.00002
23963 0.00002
23964 0.00002
23965 0.00002
23966 0.00002
23967 0.00002
23968 0.00002
23969 0.00002
23970 0.00002
23971 0.00002
23972 0.00002
23973 0.00002
23974 0.00002
23975 0.00002
23976 0.00002
23977 0.00002
23978 0.00002
23979 0.00002
23980 0.00002
23981 0.00002
23982 0.00002
23983 0.00002
23984 0.00002
23985 0.00002
23986 0.00002
23987 0.00002
23988 0.00002
23989 0.00002
23990 0.00002
23991 0.00002
23992 0.00002
23993 0.00002
23994 0.00002
23995 0.00002
23996 0.00002
23997 0.00002
23998 0.00002
23999 0.00002
24000 0.00002
24001 0.00002
24002 0.00002
24003 0.00002
24004 0.00002
24005 0.00002
24006 0.00002
24007 0.00002
24008 0.00002
24009 0.00002
24010 0.00002
24011 0.00002
24012 0.00002
24013 0.00002
24014 0.00002
24015 0.00002
24016 0.00002
24017 0.00002
24018 0.00002
24019 0.00002
24020 0.00002
24021 0.00002
24022 0.00002
24023 0.00002
24024 0.00002
24025 0.00002
24026 0.00002
24027 0.00002
24028 0.00002
24029 0.00002
24030 0.00002
24031 0.00002
24032 0.00002
24033 0.00002
24034 0.00002
24035 0.00002
24036 0.00002
24037 0.00002
24038 0.00002
24039 0.00002
24040 0.00002
24041 0.00002
24042 0.00002
24043 0.00002
24045 0.00002
24046 0.00002
24047 0.00002
24048 0.00002
24049 0.00002
24050 0.00002
24051 0.00002
24052 0.00002
24053 0.00002
24054 0.00002
24055 0.00002
24056 0.00002
24057 0.00002
24058 0.00002
24059 0.00002
24060 0.00002
24061 0.00002
24062 0.00002
24063 0.00002
24064 0.00002
24065 0.00002
24066 0.00002
24067 0.00002
24068 0.00002
24069 0.00002
24070 0.00002
24071 0.00002
24072 0.00002
24073 0.00002
24074 0.00002
24075 0.00002
24076 0.00002
24077 0.00002
24078 0.00002
24079 0.00002
24080 0.00002
24081 0.00002
24082 0.00002
24083 0.00002
24084 0.00002
24085 0.00002
24086 0.00002
24087 0.00002
24088 0.00002
24089 0.00002
24090 0.00002
24091 0.00002
24093 0.00002
24094 0.00002
24095 0.00002
24096 0.00002
24097 0.00002
24098 0.00002
24099 0.00002
24100 0.00002
24101 0.00002
24102 0.00002
24103 0.00002
24104 0.00002
24105 0.00002
24106 0.00002
24107 0.00002
24108 0.00002
24109 0.00002
24110 0.00002
24111 0.00002
24112 0.00002
24113 0.00002
24114 0.00002
24115 0.00002
24116 0.00002
24117 0.00002
24118 0.00002
24119 0.00002
24120 0.00002
24121 0.00002
24122 0.00002
24123 0.00002
24124 0.00002
24125 0.00002
24126 0.00002
24127 0.00002
24128 0.00002
24129 0.00002
24130 0.00002
24131 0.00002
24132 0.00002
24133 0.00002
24134 0.00002
24135 0.00002
24136 0.00002
24137 0.00002
24138 0.00002
24140 0.00002
24141 0.00002
24142 0.00002
24143 0.00002
24144 0.00002
24145 0.00002
24146 0.00002
24147 0.00002
24148 0.00002
24149 0.00002
24150 0.00002
24151 0.00002
24154 0.00002
24155 0.00002
24156 0.00002
24157 0.00002
24158 0.00002
24159 0.00002
24160 0.00002
24161 0.00002
24162 0.00002
24163 0.00002
24164 0.00002
24165 0.00002
24166 0.00002
24167 0.00002
24168 0.00002
24169 0.00002
24170 0.00002
24171 0.00002
24172 0.00002
24173 0.00002
24174 0.00002
24175 0.00002
24176 0.00002
24177 0.00002
24178 0.00002
24179 0.00002
24180 0.00002
24181 0.00002
24182 0.00002
24183 0.00002
24184 0.00002
24185 0.00002
24186 0.00002
24187 0.00002
24188 0.00002
24189 0.00002
24190 0.00002
24191 0.00002
24192 0.00002
24193 0.00002
24194 0.00002
24195 0.00002
24196 0.00002
24199 0.00002
24200 0.00002
24201 0.00002
24202 0.00002
24203 0.00002
24204 0.00002
24205 0.00002
24206 0.00002
24207 0.00002
24208 0.00002
24209 0.00002
24210 0.00002
24211 0.00002
24212 0.00002
24213 0.00002
24214 0.00002
24215 0.00002
24216 0.00002
24217 0.00002
24218 0.00002
24219 0.00002
24220 0.00002
24221 0.00002
